-- test-run result file version 2
-- Make sure that comparison between numeric types works.
SELECT 2 > 1, 1.5 > 1, 2.5 > 1.5;
 | ---
 | - metadata:
 |   - name: 2 > 1
 |     type: boolean
 |   - name: 1.5 > 1
 |     type: boolean
 |   - name: 2.5 > 1.5
 |     type: boolean
 |   rows:
 |   - [true, true, true]
 | ...
SELECT 2 < 1, 1.5 < 1, 2.5 < 1.5;
 | ---
 | - metadata:
 |   - name: 2 < 1
 |     type: boolean
 |   - name: 1.5 < 1
 |     type: boolean
 |   - name: 2.5 < 1.5
 |     type: boolean
 |   rows:
 |   - [false, false, false]
 | ...
SELECT 2 >= 1, 1.5 >= 1, 2.5 >= 1.5;
 | ---
 | - metadata:
 |   - name: 2 >= 1
 |     type: any
 |   - name: 1.5 >= 1
 |     type: any
 |   - name: 2.5 >= 1.5
 |     type: any
 |   rows:
 |   - [true, true, true]
 | ...
SELECT 2 <= 1, 1.5 <= 1, 2.5 <= 1.5;
 | ---
 | - metadata:
 |   - name: 2 <= 1
 |     type: boolean
 |   - name: 1.5 <= 1
 |     type: boolean
 |   - name: 2.5 <= 1.5
 |     type: boolean
 |   rows:
 |   - [false, false, false]
 | ...
SELECT 2 = 1, 1.5 = 1, 2.5 = 1.5;
 | ---
 | - metadata:
 |   - name: 2 = 1
 |     type: boolean
 |   - name: 1.5 = 1
 |     type: boolean
 |   - name: 2.5 = 1.5
 |     type: boolean
 |   rows:
 |   - [false, false, false]
 | ...
SELECT 2 != 1, 1.5 != 1, 2.5 != 1.5;
 | ---
 | - metadata:
 |   - name: 2 != 1
 |     type: boolean
 |   - name: 1.5 != 1
 |     type: boolean
 |   - name: 2.5 != 1.5
 |     type: boolean
 |   rows:
 |   - [true, true, true]
 | ...

CREATE TABLE tn(i INT PRIMARY KEY, a NUMBER, d DOUBLE, u UNSIGNED);
 | ---
 | - row_count: 1
 | ...
INSERT INTO tn VALUES (1, 2, 3.3, 4);
 | ---
 | - row_count: 1
 | ...
INSERT INTO tn VALUES (2, 3.5, 3, 4);
 | ---
 | - row_count: 1
 | ...
SELECT i > 1, i > 1.5, a > 1, a > 1.5, d > 1, d > 1.5, u > 1, u > 1.5 FROM tn;
 | ---
 | - metadata:
 |   - name: i > 1
 |     type: boolean
 |   - name: i > 1.5
 |     type: boolean
 |   - name: a > 1
 |     type: boolean
 |   - name: a > 1.5
 |     type: boolean
 |   - name: d > 1
 |     type: boolean
 |   - name: d > 1.5
 |     type: boolean
 |   - name: u > 1
 |     type: boolean
 |   - name: u > 1.5
 |     type: boolean
 |   rows:
 |   - [false, false, true, true, true, true, true, true]
 |   - [true, true, true, true, true, true, true, true]
 | ...
SELECT i < 1, i < 1.5, a < 1, a < 1.5, d < 1, d < 1.5, u < 1, u < 1.5 FROM tn;
 | ---
 | - metadata:
 |   - name: i < 1
 |     type: boolean
 |   - name: i < 1.5
 |     type: boolean
 |   - name: a < 1
 |     type: boolean
 |   - name: a < 1.5
 |     type: boolean
 |   - name: d < 1
 |     type: boolean
 |   - name: d < 1.5
 |     type: boolean
 |   - name: u < 1
 |     type: boolean
 |   - name: u < 1.5
 |     type: boolean
 |   rows:
 |   - [false, true, false, false, false, false, false, false]
 |   - [false, false, false, false, false, false, false, false]
 | ...
SELECT i >= 1, i >= 1.5, a >= 1, a >= 1.5, d >= 1, d >= 1.5, u >= 1, u >= 1.5 FROM tn;
 | ---
 | - metadata:
 |   - name: i >= 1
 |     type: any
 |   - name: i >= 1.5
 |     type: any
 |   - name: a >= 1
 |     type: any
 |   - name: a >= 1.5
 |     type: any
 |   - name: d >= 1
 |     type: any
 |   - name: d >= 1.5
 |     type: any
 |   - name: u >= 1
 |     type: any
 |   - name: u >= 1.5
 |     type: any
 |   rows:
 |   - [true, false, true, true, true, true, true, true]
 |   - [true, true, true, true, true, true, true, true]
 | ...
SELECT i <= 1, i <= 1.5, a <= 1, a <= 1.5, d <= 1, d <= 1.5, u <= 1, u <= 1.5 FROM tn;
 | ---
 | - metadata:
 |   - name: i <= 1
 |     type: boolean
 |   - name: i <= 1.5
 |     type: boolean
 |   - name: a <= 1
 |     type: boolean
 |   - name: a <= 1.5
 |     type: boolean
 |   - name: d <= 1
 |     type: boolean
 |   - name: d <= 1.5
 |     type: boolean
 |   - name: u <= 1
 |     type: boolean
 |   - name: u <= 1.5
 |     type: boolean
 |   rows:
 |   - [true, true, false, false, false, false, false, false]
 |   - [false, false, false, false, false, false, false, false]
 | ...
SELECT i = 1, i = 1.5, a = 1, a = 1.5, d = 1, d = 1.5, u = 1, u = 1.5 FROM tn;
 | ---
 | - metadata:
 |   - name: i = 1
 |     type: boolean
 |   - name: i = 1.5
 |     type: boolean
 |   - name: a = 1
 |     type: boolean
 |   - name: a = 1.5
 |     type: boolean
 |   - name: d = 1
 |     type: boolean
 |   - name: d = 1.5
 |     type: boolean
 |   - name: u = 1
 |     type: boolean
 |   - name: u = 1.5
 |     type: boolean
 |   rows:
 |   - [true, false, false, false, false, false, false, false]
 |   - [false, false, false, false, false, false, false, false]
 | ...
SELECT i != 1, i != 1.5, a != 1, a != 1.5, d != 1, d != 1.5, u != 1, u != 1.5 FROM tn;
 | ---
 | - metadata:
 |   - name: i != 1
 |     type: boolean
 |   - name: i != 1.5
 |     type: boolean
 |   - name: a != 1
 |     type: boolean
 |   - name: a != 1.5
 |     type: boolean
 |   - name: d != 1
 |     type: boolean
 |   - name: d != 1.5
 |     type: boolean
 |   - name: u != 1
 |     type: boolean
 |   - name: u != 1.5
 |     type: boolean
 |   rows:
 |   - [false, true, true, true, true, true, true, true]
 |   - [true, true, true, true, true, true, true, true]
 | ...

SELECT 1 > i, 1.5 > i, 1 > a, 1.5 > a, 1 > d, 1.5 > d, 1 > u, 1.5 > u FROM tn;
 | ---
 | - metadata:
 |   - name: 1 > i
 |     type: boolean
 |   - name: 1.5 > i
 |     type: boolean
 |   - name: 1 > a
 |     type: boolean
 |   - name: 1.5 > a
 |     type: boolean
 |   - name: 1 > d
 |     type: boolean
 |   - name: 1.5 > d
 |     type: boolean
 |   - name: 1 > u
 |     type: boolean
 |   - name: 1.5 > u
 |     type: boolean
 |   rows:
 |   - [false, true, false, false, false, false, false, false]
 |   - [false, false, false, false, false, false, false, false]
 | ...
SELECT 1 < i, 1.5 < i, 1 < a, 1.5 < a, 1 < d, 1.5 < d, 1 < u, 1.5 < u FROM tn;
 | ---
 | - metadata:
 |   - name: 1 < i
 |     type: boolean
 |   - name: 1.5 < i
 |     type: boolean
 |   - name: 1 < a
 |     type: boolean
 |   - name: 1.5 < a
 |     type: boolean
 |   - name: 1 < d
 |     type: boolean
 |   - name: 1.5 < d
 |     type: boolean
 |   - name: 1 < u
 |     type: boolean
 |   - name: 1.5 < u
 |     type: boolean
 |   rows:
 |   - [false, false, true, true, true, true, true, true]
 |   - [true, true, true, true, true, true, true, true]
 | ...
SELECT 1 >= i, 1.5 >= i, 1 >= a, 1.5 >= a, 1 >= d, 1.5 >= d, 1 >= u, 1.5 >= u FROM tn;
 | ---
 | - metadata:
 |   - name: 1 >= i
 |     type: any
 |   - name: 1.5 >= i
 |     type: any
 |   - name: 1 >= a
 |     type: any
 |   - name: 1.5 >= a
 |     type: any
 |   - name: 1 >= d
 |     type: any
 |   - name: 1.5 >= d
 |     type: any
 |   - name: 1 >= u
 |     type: any
 |   - name: 1.5 >= u
 |     type: any
 |   rows:
 |   - [true, true, false, false, false, false, false, false]
 |   - [false, false, false, false, false, false, false, false]
 | ...
SELECT 1 <= i, 1.5 <= i, 1 <= a, 1.5 <= a, 1 <= d, 1.5 <= d, 1 <= u, 1.5 <= u FROM tn;
 | ---
 | - metadata:
 |   - name: 1 <= i
 |     type: boolean
 |   - name: 1.5 <= i
 |     type: boolean
 |   - name: 1 <= a
 |     type: boolean
 |   - name: 1.5 <= a
 |     type: boolean
 |   - name: 1 <= d
 |     type: boolean
 |   - name: 1.5 <= d
 |     type: boolean
 |   - name: 1 <= u
 |     type: boolean
 |   - name: 1.5 <= u
 |     type: boolean
 |   rows:
 |   - [true, false, true, true, true, true, true, true]
 |   - [true, true, true, true, true, true, true, true]
 | ...
SELECT 1 = i, 1.5 = i, 1 = a, 1.5 = a, 1 = d, 1.5 = d, 1 = u, 1.5 = u FROM tn;
 | ---
 | - metadata:
 |   - name: 1 = i
 |     type: boolean
 |   - name: 1.5 = i
 |     type: boolean
 |   - name: 1 = a
 |     type: boolean
 |   - name: 1.5 = a
 |     type: boolean
 |   - name: 1 = d
 |     type: boolean
 |   - name: 1.5 = d
 |     type: boolean
 |   - name: 1 = u
 |     type: boolean
 |   - name: 1.5 = u
 |     type: boolean
 |   rows:
 |   - [true, false, false, false, false, false, false, false]
 |   - [false, false, false, false, false, false, false, false]
 | ...
SELECT 1 != i, 1.5 != i, 1 != a, 1.5 != a, 1 != d, 1.5 != d, 1 != u, 1.5 != u FROM tn;
 | ---
 | - metadata:
 |   - name: 1 != i
 |     type: boolean
 |   - name: 1.5 != i
 |     type: boolean
 |   - name: 1 != a
 |     type: boolean
 |   - name: 1.5 != a
 |     type: boolean
 |   - name: 1 != d
 |     type: boolean
 |   - name: 1.5 != d
 |     type: boolean
 |   - name: 1 != u
 |     type: boolean
 |   - name: 1.5 != u
 |     type: boolean
 |   rows:
 |   - [false, true, true, true, true, true, true, true]
 |   - [true, true, true, true, true, true, true, true]
 | ...

SELECT i > i, i > a, i > d, i > u, a > a, a > d, a > u, d > d, d > u, u > u FROM tn;
 | ---
 | - metadata:
 |   - name: i > i
 |     type: boolean
 |   - name: i > a
 |     type: boolean
 |   - name: i > d
 |     type: boolean
 |   - name: i > u
 |     type: boolean
 |   - name: a > a
 |     type: boolean
 |   - name: a > d
 |     type: boolean
 |   - name: a > u
 |     type: boolean
 |   - name: d > d
 |     type: boolean
 |   - name: d > u
 |     type: boolean
 |   - name: u > u
 |     type: boolean
 |   rows:
 |   - [false, false, false, false, false, false, false, false, false, false]
 |   - [false, false, false, false, false, true, false, false, false, false]
 | ...
SELECT i < i, i < a, i < d, i < u, a < a, a < d, a < u, d < d, d < u, u < u FROM tn;
 | ---
 | - metadata:
 |   - name: i < i
 |     type: boolean
 |   - name: i < a
 |     type: boolean
 |   - name: i < d
 |     type: boolean
 |   - name: i < u
 |     type: boolean
 |   - name: a < a
 |     type: boolean
 |   - name: a < d
 |     type: boolean
 |   - name: a < u
 |     type: boolean
 |   - name: d < d
 |     type: boolean
 |   - name: d < u
 |     type: boolean
 |   - name: u < u
 |     type: boolean
 |   rows:
 |   - [false, true, true, true, false, true, true, false, true, false]
 |   - [false, true, true, true, false, false, true, false, true, false]
 | ...
SELECT i >= i, i >= a, i >= d, i >= u, a >= a, a >= d, a >= u, d >= d, d >= u, u >= u FROM tn;
 | ---
 | - metadata:
 |   - name: i >= i
 |     type: any
 |   - name: i >= a
 |     type: any
 |   - name: i >= d
 |     type: any
 |   - name: i >= u
 |     type: any
 |   - name: a >= a
 |     type: any
 |   - name: a >= d
 |     type: any
 |   - name: a >= u
 |     type: any
 |   - name: d >= d
 |     type: any
 |   - name: d >= u
 |     type: any
 |   - name: u >= u
 |     type: any
 |   rows:
 |   - [true, false, false, false, true, false, false, true, false, true]
 |   - [true, false, false, false, true, true, false, true, false, true]
 | ...
SELECT i <= i, i <= a, i <= d, i <= u, a <= a, a <= d, a <= u, d <= d, d <= u, u <= u FROM tn;
 | ---
 | - metadata:
 |   - name: i <= i
 |     type: boolean
 |   - name: i <= a
 |     type: boolean
 |   - name: i <= d
 |     type: boolean
 |   - name: i <= u
 |     type: boolean
 |   - name: a <= a
 |     type: boolean
 |   - name: a <= d
 |     type: boolean
 |   - name: a <= u
 |     type: boolean
 |   - name: d <= d
 |     type: boolean
 |   - name: d <= u
 |     type: boolean
 |   - name: u <= u
 |     type: boolean
 |   rows:
 |   - [true, true, true, true, true, true, true, true, true, true]
 |   - [true, true, true, true, true, false, true, true, true, true]
 | ...
SELECT i = i, i = a, i = d, i = u, a = a, a = d, a = u, d = d, d = u, u = u FROM tn;
 | ---
 | - metadata:
 |   - name: i = i
 |     type: boolean
 |   - name: i = a
 |     type: boolean
 |   - name: i = d
 |     type: boolean
 |   - name: i = u
 |     type: boolean
 |   - name: a = a
 |     type: boolean
 |   - name: a = d
 |     type: boolean
 |   - name: a = u
 |     type: boolean
 |   - name: d = d
 |     type: boolean
 |   - name: d = u
 |     type: boolean
 |   - name: u = u
 |     type: boolean
 |   rows:
 |   - [true, false, false, false, true, false, false, true, false, true]
 |   - [true, false, false, false, true, false, false, true, false, true]
 | ...
SELECT i != i, i != a, i != d, i != u, a != a, a != d, a != u, d != d, d != u, u != u FROM tn;
 | ---
 | - metadata:
 |   - name: i != i
 |     type: boolean
 |   - name: i != a
 |     type: boolean
 |   - name: i != d
 |     type: boolean
 |   - name: i != u
 |     type: boolean
 |   - name: a != a
 |     type: boolean
 |   - name: a != d
 |     type: boolean
 |   - name: a != u
 |     type: boolean
 |   - name: d != d
 |     type: boolean
 |   - name: d != u
 |     type: boolean
 |   - name: u != u
 |     type: boolean
 |   rows:
 |   - [false, true, true, true, false, true, true, false, true, false]
 |   - [false, true, true, true, false, true, true, false, true, false]
 | ...

-- Make sure that comparison between BOOLEAN values works.
SELECT true > false;
 | ---
 | - metadata:
 |   - name: true > false
 |     type: boolean
 |   rows:
 |   - [true]
 | ...
SELECT true < false;
 | ---
 | - metadata:
 |   - name: true < false
 |     type: boolean
 |   rows:
 |   - [false]
 | ...
SELECT true >= false;
 | ---
 | - metadata:
 |   - name: true >= false
 |     type: any
 |   rows:
 |   - [true]
 | ...
SELECT true <= false;
 | ---
 | - metadata:
 |   - name: true <= false
 |     type: boolean
 |   rows:
 |   - [false]
 | ...
SELECT true = false;
 | ---
 | - metadata:
 |   - name: true = false
 |     type: boolean
 |   rows:
 |   - [false]
 | ...
SELECT true != false;
 | ---
 | - metadata:
 |   - name: true != false
 |     type: boolean
 |   rows:
 |   - [true]
 | ...

CREATE TABLE tb(b1 BOOLEAN PRIMARY KEY, b2 BOOLEAN);
 | ---
 | - row_count: 1
 | ...
INSERT INTO tb VALUES (true, false);
 | ---
 | - row_count: 1
 | ...
SELECT b1 > true FROM tb;
 | ---
 | - metadata:
 |   - name: b1 > true
 |     type: boolean
 |   rows:
 |   - [false]
 | ...
SELECT b1 < true FROM tb;
 | ---
 | - metadata:
 |   - name: b1 < true
 |     type: boolean
 |   rows:
 |   - [false]
 | ...
SELECT b1 >= true FROM tb;
 | ---
 | - metadata:
 |   - name: b1 >= true
 |     type: any
 |   rows:
 |   - [true]
 | ...
SELECT b1 <= true FROM tb;
 | ---
 | - metadata:
 |   - name: b1 <= true
 |     type: boolean
 |   rows:
 |   - [true]
 | ...
SELECT b1 = true FROM tb;
 | ---
 | - metadata:
 |   - name: b1 = true
 |     type: boolean
 |   rows:
 |   - [true]
 | ...
SELECT b1 != true FROM tb;
 | ---
 | - metadata:
 |   - name: b1 != true
 |     type: boolean
 |   rows:
 |   - [false]
 | ...

SELECT true > b1 FROM tb;
 | ---
 | - metadata:
 |   - name: true > b1
 |     type: boolean
 |   rows:
 |   - [false]
 | ...
SELECT true < b1 FROM tb;
 | ---
 | - metadata:
 |   - name: true < b1
 |     type: boolean
 |   rows:
 |   - [false]
 | ...
SELECT true >= b1 FROM tb;
 | ---
 | - metadata:
 |   - name: true >= b1
 |     type: any
 |   rows:
 |   - [true]
 | ...
SELECT true <= b1 FROM tb;
 | ---
 | - metadata:
 |   - name: true <= b1
 |     type: boolean
 |   rows:
 |   - [true]
 | ...
SELECT true = b1 FROM tb;
 | ---
 | - metadata:
 |   - name: true = b1
 |     type: boolean
 |   rows:
 |   - [true]
 | ...
SELECT true != b1 FROM tb;
 | ---
 | - metadata:
 |   - name: true != b1
 |     type: boolean
 |   rows:
 |   - [false]
 | ...

SELECT b1 > b2 FROM tb;
 | ---
 | - metadata:
 |   - name: b1 > b2
 |     type: boolean
 |   rows:
 |   - [true]
 | ...
SELECT b1 < b2 FROM tb;
 | ---
 | - metadata:
 |   - name: b1 < b2
 |     type: boolean
 |   rows:
 |   - [false]
 | ...
SELECT b1 >= b2 FROM tb;
 | ---
 | - metadata:
 |   - name: b1 >= b2
 |     type: any
 |   rows:
 |   - [true]
 | ...
SELECT b1 <= b2 FROM tb;
 | ---
 | - metadata:
 |   - name: b1 <= b2
 |     type: boolean
 |   rows:
 |   - [false]
 | ...
SELECT b1 = b2 FROM tb;
 | ---
 | - metadata:
 |   - name: b1 = b2
 |     type: boolean
 |   rows:
 |   - [false]
 | ...
SELECT b1 != b2 FROM tb;
 | ---
 | - metadata:
 |   - name: b1 != b2
 |     type: boolean
 |   rows:
 |   - [true]
 | ...

-- Make sure that comparison between STRING values works.
SELECT '123' > '456';
 | ---
 | - metadata:
 |   - name: '''123'' > ''456'''
 |     type: boolean
 |   rows:
 |   - [false]
 | ...
SELECT '123' < '456';
 | ---
 | - metadata:
 |   - name: '''123'' < ''456'''
 |     type: boolean
 |   rows:
 |   - [true]
 | ...
SELECT '123' >= '456';
 | ---
 | - metadata:
 |   - name: '''123'' >= ''456'''
 |     type: any
 |   rows:
 |   - [false]
 | ...
SELECT '123' <= '456';
 | ---
 | - metadata:
 |   - name: '''123'' <= ''456'''
 |     type: boolean
 |   rows:
 |   - [true]
 | ...
SELECT '123' = '456';
 | ---
 | - metadata:
 |   - name: '''123'' = ''456'''
 |     type: boolean
 |   rows:
 |   - [false]
 | ...
SELECT '123' != '456';
 | ---
 | - metadata:
 |   - name: '''123'' != ''456'''
 |     type: boolean
 |   rows:
 |   - [true]
 | ...

CREATE TABLE ts(s1 STRING PRIMARY KEY, s2 STRING);
 | ---
 | - row_count: 1
 | ...
INSERT INTO ts VALUES ('12', '32');
 | ---
 | - row_count: 1
 | ...
SELECT s1 > '123' FROM ts;
 | ---
 | - metadata:
 |   - name: s1 > '123'
 |     type: boolean
 |   rows:
 |   - [false]
 | ...
SELECT s1 < '123' FROM ts;
 | ---
 | - metadata:
 |   - name: s1 < '123'
 |     type: boolean
 |   rows:
 |   - [true]
 | ...
SELECT s1 >= '123' FROM ts;
 | ---
 | - metadata:
 |   - name: s1 >= '123'
 |     type: any
 |   rows:
 |   - [false]
 | ...
SELECT s1 <= '123' FROM ts;
 | ---
 | - metadata:
 |   - name: s1 <= '123'
 |     type: boolean
 |   rows:
 |   - [true]
 | ...
SELECT s1 = '123' FROM ts;
 | ---
 | - metadata:
 |   - name: s1 = '123'
 |     type: boolean
 |   rows:
 |   - [false]
 | ...
SELECT s1 != '123' FROM ts;
 | ---
 | - metadata:
 |   - name: s1 != '123'
 |     type: boolean
 |   rows:
 |   - [true]
 | ...

SELECT '123' > s1 FROM ts;
 | ---
 | - metadata:
 |   - name: '''123'' > s1'
 |     type: boolean
 |   rows:
 |   - [true]
 | ...
SELECT '123' < s1 FROM ts;
 | ---
 | - metadata:
 |   - name: '''123'' < s1'
 |     type: boolean
 |   rows:
 |   - [false]
 | ...
SELECT '123' >= s1 FROM ts;
 | ---
 | - metadata:
 |   - name: '''123'' >= s1'
 |     type: any
 |   rows:
 |   - [true]
 | ...
SELECT '123' <= s1 FROM ts;
 | ---
 | - metadata:
 |   - name: '''123'' <= s1'
 |     type: boolean
 |   rows:
 |   - [false]
 | ...
SELECT '123' = s1 FROM ts;
 | ---
 | - metadata:
 |   - name: '''123'' = s1'
 |     type: boolean
 |   rows:
 |   - [false]
 | ...
SELECT '123' != s1 FROM ts;
 | ---
 | - metadata:
 |   - name: '''123'' != s1'
 |     type: boolean
 |   rows:
 |   - [true]
 | ...

SELECT s1 > s2 FROM ts;
 | ---
 | - metadata:
 |   - name: s1 > s2
 |     type: boolean
 |   rows:
 |   - [false]
 | ...
SELECT s1 < s2 FROM ts;
 | ---
 | - metadata:
 |   - name: s1 < s2
 |     type: boolean
 |   rows:
 |   - [true]
 | ...
SELECT s1 >= s2 FROM ts;
 | ---
 | - metadata:
 |   - name: s1 >= s2
 |     type: any
 |   rows:
 |   - [false]
 | ...
SELECT s1 <= s2 FROM ts;
 | ---
 | - metadata:
 |   - name: s1 <= s2
 |     type: boolean
 |   rows:
 |   - [true]
 | ...
SELECT s1 = s2 FROM ts;
 | ---
 | - metadata:
 |   - name: s1 = s2
 |     type: boolean
 |   rows:
 |   - [false]
 | ...
SELECT s1 != s2 FROM ts;
 | ---
 | - metadata:
 |   - name: s1 != s2
 |     type: boolean
 |   rows:
 |   - [true]
 | ...

-- Make sure that comparison between VARBINARY values works.
SELECT X'3139' > X'3537';
 | ---
 | - metadata:
 |   - name: X'3139' > X'3537'
 |     type: boolean
 |   rows:
 |   - [false]
 | ...
SELECT X'3139' < X'3537';
 | ---
 | - metadata:
 |   - name: X'3139' < X'3537'
 |     type: boolean
 |   rows:
 |   - [true]
 | ...
SELECT X'3139' >= X'3537';
 | ---
 | - metadata:
 |   - name: X'3139' >= X'3537'
 |     type: any
 |   rows:
 |   - [false]
 | ...
SELECT X'3139' <= X'3537';
 | ---
 | - metadata:
 |   - name: X'3139' <= X'3537'
 |     type: boolean
 |   rows:
 |   - [true]
 | ...
SELECT X'3139' = X'3537';
 | ---
 | - metadata:
 |   - name: X'3139' = X'3537'
 |     type: boolean
 |   rows:
 |   - [false]
 | ...
SELECT X'3139' != X'3537';
 | ---
 | - metadata:
 |   - name: X'3139' != X'3537'
 |     type: boolean
 |   rows:
 |   - [true]
 | ...

CREATE TABLE tv(v1 VARBINARY PRIMARY KEY, v2 VARBINARY);
 | ---
 | - row_count: 1
 | ...
INSERT INTO tv VALUES (X'3333', X'3432');
 | ---
 | - row_count: 1
 | ...
SELECT v1 > X'3139' FROM tv;
 | ---
 | - metadata:
 |   - name: v1 > X'3139'
 |     type: boolean
 |   rows:
 |   - [true]
 | ...
SELECT v1 < X'3139' FROM tv;
 | ---
 | - metadata:
 |   - name: v1 < X'3139'
 |     type: boolean
 |   rows:
 |   - [false]
 | ...
SELECT v1 >= X'3139' FROM tv;
 | ---
 | - metadata:
 |   - name: v1 >= X'3139'
 |     type: any
 |   rows:
 |   - [true]
 | ...
SELECT v1 <= X'3139' FROM tv;
 | ---
 | - metadata:
 |   - name: v1 <= X'3139'
 |     type: boolean
 |   rows:
 |   - [false]
 | ...
SELECT v1 = X'3139' FROM tv;
 | ---
 | - metadata:
 |   - name: v1 = X'3139'
 |     type: boolean
 |   rows:
 |   - [false]
 | ...
SELECT v1 != X'3139' FROM tv;
 | ---
 | - metadata:
 |   - name: v1 != X'3139'
 |     type: boolean
 |   rows:
 |   - [true]
 | ...

SELECT X'3139' > v1 FROM tv;
 | ---
 | - metadata:
 |   - name: X'3139' > v1
 |     type: boolean
 |   rows:
 |   - [false]
 | ...
SELECT X'3139' < v1 FROM tv;
 | ---
 | - metadata:
 |   - name: X'3139' < v1
 |     type: boolean
 |   rows:
 |   - [true]
 | ...
SELECT X'3139' >= v1 FROM tv;
 | ---
 | - metadata:
 |   - name: X'3139' >= v1
 |     type: any
 |   rows:
 |   - [false]
 | ...
SELECT X'3139' <= v1 FROM tv;
 | ---
 | - metadata:
 |   - name: X'3139' <= v1
 |     type: boolean
 |   rows:
 |   - [true]
 | ...
SELECT X'3139' = v1 FROM tv;
 | ---
 | - metadata:
 |   - name: X'3139' = v1
 |     type: boolean
 |   rows:
 |   - [false]
 | ...
SELECT X'3139' != v1 FROM tv;
 | ---
 | - metadata:
 |   - name: X'3139' != v1
 |     type: boolean
 |   rows:
 |   - [true]
 | ...

SELECT v1 > v2 FROM tv;
 | ---
 | - metadata:
 |   - name: v1 > v2
 |     type: boolean
 |   rows:
 |   - [false]
 | ...
SELECT v1 < v2 FROM tv;
 | ---
 | - metadata:
 |   - name: v1 < v2
 |     type: boolean
 |   rows:
 |   - [true]
 | ...
SELECT v1 >= v2 FROM tv;
 | ---
 | - metadata:
 |   - name: v1 >= v2
 |     type: any
 |   rows:
 |   - [false]
 | ...
SELECT v1 <= v2 FROM tv;
 | ---
 | - metadata:
 |   - name: v1 <= v2
 |     type: boolean
 |   rows:
 |   - [true]
 | ...
SELECT v1 = v2 FROM tv;
 | ---
 | - metadata:
 |   - name: v1 = v2
 |     type: boolean
 |   rows:
 |   - [false]
 | ...
SELECT v1 != v2 FROM tv;
 | ---
 | - metadata:
 |   - name: v1 != v2
 |     type: boolean
 |   rows:
 |   - [true]
 | ...

-- Make sure, that comparison with NULL returns NULL.
SELECT NULL > NULL, NULL > 1, NULL > 1.5, NULL > true, NULL > '123', NULL > X'3139';
 | ---
 | - metadata:
 |   - name: NULL > NULL
 |     type: boolean
 |   - name: NULL > 1
 |     type: boolean
 |   - name: NULL > 1.5
 |     type: boolean
 |   - name: NULL > true
 |     type: boolean
 |   - name: NULL > '123'
 |     type: boolean
 |   - name: NULL > X'3139'
 |     type: boolean
 |   rows:
 |   - [null, null, null, null, null, null]
 | ...
SELECT NULL < NULL, NULL < 1, NULL < 1.5, NULL < true, NULL < '123', NULL < X'3139';
 | ---
 | - metadata:
 |   - name: NULL < NULL
 |     type: boolean
 |   - name: NULL < 1
 |     type: boolean
 |   - name: NULL < 1.5
 |     type: boolean
 |   - name: NULL < true
 |     type: boolean
 |   - name: NULL < '123'
 |     type: boolean
 |   - name: NULL < X'3139'
 |     type: boolean
 |   rows:
 |   - [null, null, null, null, null, null]
 | ...
SELECT NULL >= NULL, NULL >= 1, NULL >= 1.5, NULL >= true, NULL >= '123', NULL >= X'3139';
 | ---
 | - metadata:
 |   - name: NULL >= NULL
 |     type: any
 |   - name: NULL >= 1
 |     type: any
 |   - name: NULL >= 1.5
 |     type: any
 |   - name: NULL >= true
 |     type: any
 |   - name: NULL >= '123'
 |     type: any
 |   - name: NULL >= X'3139'
 |     type: any
 |   rows:
 |   - [null, null, null, null, null, null]
 | ...
SELECT NULL <= NULL, NULL <= 1, NULL <= 1.5, NULL <= true, NULL <= '123', NULL <= X'3139';
 | ---
 | - metadata:
 |   - name: NULL <= NULL
 |     type: boolean
 |   - name: NULL <= 1
 |     type: boolean
 |   - name: NULL <= 1.5
 |     type: boolean
 |   - name: NULL <= true
 |     type: boolean
 |   - name: NULL <= '123'
 |     type: boolean
 |   - name: NULL <= X'3139'
 |     type: boolean
 |   rows:
 |   - [null, null, null, null, null, null]
 | ...
SELECT NULL = NULL, NULL = 1, NULL = 1.5, NULL = true, NULL = '123', NULL = X'3139';
 | ---
 | - metadata:
 |   - name: NULL = NULL
 |     type: boolean
 |   - name: NULL = 1
 |     type: boolean
 |   - name: NULL = 1.5
 |     type: boolean
 |   - name: NULL = true
 |     type: boolean
 |   - name: NULL = '123'
 |     type: boolean
 |   - name: NULL = X'3139'
 |     type: boolean
 |   rows:
 |   - [null, null, null, null, null, null]
 | ...
SELECT NULL != NULL, NULL != 1, NULL != 1.5, NULL != true, NULL != '123', NULL != X'3139';
 | ---
 | - metadata:
 |   - name: NULL != NULL
 |     type: boolean
 |   - name: NULL != 1
 |     type: boolean
 |   - name: NULL != 1.5
 |     type: boolean
 |   - name: NULL != true
 |     type: boolean
 |   - name: NULL != '123'
 |     type: boolean
 |   - name: NULL != X'3139'
 |     type: boolean
 |   rows:
 |   - [null, null, null, null, null, null]
 | ...

SELECT 1 > NULL, 1.5 > NULL, true > NULL, '123' > NULL, X'3139' > NULL;
 | ---
 | - metadata:
 |   - name: 1 > NULL
 |     type: boolean
 |   - name: 1.5 > NULL
 |     type: boolean
 |   - name: true > NULL
 |     type: boolean
 |   - name: '''123'' > NULL'
 |     type: boolean
 |   - name: X'3139' > NULL
 |     type: boolean
 |   rows:
 |   - [null, null, null, null, null]
 | ...
SELECT 1 < NULL, 1.5 < NULL, true < NULL, '123' < NULL, X'3139' < NULL;
 | ---
 | - metadata:
 |   - name: 1 < NULL
 |     type: boolean
 |   - name: 1.5 < NULL
 |     type: boolean
 |   - name: true < NULL
 |     type: boolean
 |   - name: '''123'' < NULL'
 |     type: boolean
 |   - name: X'3139' < NULL
 |     type: boolean
 |   rows:
 |   - [null, null, null, null, null]
 | ...
SELECT 1 >= NULL, 1.5 >= NULL, true >= NULL, '123' >= NULL, X'3139' >= NULL;
 | ---
 | - metadata:
 |   - name: 1 >= NULL
 |     type: any
 |   - name: 1.5 >= NULL
 |     type: any
 |   - name: true >= NULL
 |     type: any
 |   - name: '''123'' >= NULL'
 |     type: any
 |   - name: X'3139' >= NULL
 |     type: any
 |   rows:
 |   - [null, null, null, null, null]
 | ...
SELECT 1 <= NULL, 1.5 <= NULL, true <= NULL, '123' <= NULL, X'3139' <= NULL;
 | ---
 | - metadata:
 |   - name: 1 <= NULL
 |     type: boolean
 |   - name: 1.5 <= NULL
 |     type: boolean
 |   - name: true <= NULL
 |     type: boolean
 |   - name: '''123'' <= NULL'
 |     type: boolean
 |   - name: X'3139' <= NULL
 |     type: boolean
 |   rows:
 |   - [null, null, null, null, null]
 | ...
SELECT 1 = NULL, 1.5 = NULL, true = NULL, '123' = NULL, X'3139' = NULL;
 | ---
 | - metadata:
 |   - name: 1 = NULL
 |     type: boolean
 |   - name: 1.5 = NULL
 |     type: boolean
 |   - name: true = NULL
 |     type: boolean
 |   - name: '''123'' = NULL'
 |     type: boolean
 |   - name: X'3139' = NULL
 |     type: boolean
 |   rows:
 |   - [null, null, null, null, null]
 | ...
SELECT 1 != NULL, 1.5 != NULL, true != NULL, '123' != NULL, X'3139' != NULL;
 | ---
 | - metadata:
 |   - name: 1 != NULL
 |     type: boolean
 |   - name: 1.5 != NULL
 |     type: boolean
 |   - name: true != NULL
 |     type: boolean
 |   - name: '''123'' != NULL'
 |     type: boolean
 |   - name: X'3139' != NULL
 |     type: boolean
 |   rows:
 |   - [null, null, null, null, null]
 | ...

SELECT NULL > i, NULL > a, NULL > d, NULL > u, NULL > b1, NULL > s1, NULL > v1 FROM tn, tb, ts, tv;
 | ---
 | - metadata:
 |   - name: NULL > i
 |     type: boolean
 |   - name: NULL > a
 |     type: boolean
 |   - name: NULL > d
 |     type: boolean
 |   - name: NULL > u
 |     type: boolean
 |   - name: NULL > b1
 |     type: boolean
 |   - name: NULL > s1
 |     type: boolean
 |   - name: NULL > v1
 |     type: boolean
 |   rows:
 |   - [null, null, null, null, null, null, null]
 |   - [null, null, null, null, null, null, null]
 | ...
SELECT NULL < i, NULL < a, NULL < d, NULL < u, NULL < b1, NULL < s1, NULL < v1 FROM tn, tb, ts, tv;
 | ---
 | - metadata:
 |   - name: NULL < i
 |     type: boolean
 |   - name: NULL < a
 |     type: boolean
 |   - name: NULL < d
 |     type: boolean
 |   - name: NULL < u
 |     type: boolean
 |   - name: NULL < b1
 |     type: boolean
 |   - name: NULL < s1
 |     type: boolean
 |   - name: NULL < v1
 |     type: boolean
 |   rows:
 |   - [null, null, null, null, null, null, null]
 |   - [null, null, null, null, null, null, null]
 | ...
SELECT NULL >= i, NULL >= a, NULL >= d, NULL >= u, NULL >= b1, NULL >= s1, NULL >= v1 FROM tn, tb, ts, tv;
 | ---
 | - metadata:
 |   - name: NULL >= i
 |     type: any
 |   - name: NULL >= a
 |     type: any
 |   - name: NULL >= d
 |     type: any
 |   - name: NULL >= u
 |     type: any
 |   - name: NULL >= b1
 |     type: any
 |   - name: NULL >= s1
 |     type: any
 |   - name: NULL >= v1
 |     type: any
 |   rows:
 |   - [null, null, null, null, null, null, null]
 |   - [null, null, null, null, null, null, null]
 | ...
SELECT NULL <= i, NULL <= a, NULL <= d, NULL <= u, NULL <= b1, NULL <= s1, NULL <= v1 FROM tn, tb, ts, tv;
 | ---
 | - metadata:
 |   - name: NULL <= i
 |     type: boolean
 |   - name: NULL <= a
 |     type: boolean
 |   - name: NULL <= d
 |     type: boolean
 |   - name: NULL <= u
 |     type: boolean
 |   - name: NULL <= b1
 |     type: boolean
 |   - name: NULL <= s1
 |     type: boolean
 |   - name: NULL <= v1
 |     type: boolean
 |   rows:
 |   - [null, null, null, null, null, null, null]
 |   - [null, null, null, null, null, null, null]
 | ...
SELECT NULL = i, NULL = a, NULL = d, NULL = u, NULL = b1, NULL = s1, NULL = v1 FROM tn, tb, ts, tv;
 | ---
 | - metadata:
 |   - name: NULL = i
 |     type: boolean
 |   - name: NULL = a
 |     type: boolean
 |   - name: NULL = d
 |     type: boolean
 |   - name: NULL = u
 |     type: boolean
 |   - name: NULL = b1
 |     type: boolean
 |   - name: NULL = s1
 |     type: boolean
 |   - name: NULL = v1
 |     type: boolean
 |   rows:
 |   - [null, null, null, null, null, null, null]
 |   - [null, null, null, null, null, null, null]
 | ...
SELECT NULL != i, NULL != a, NULL != d, NULL != u, NULL != b1, NULL != s1, NULL != v1 FROM tn, tb, ts, tv;
 | ---
 | - metadata:
 |   - name: NULL != i
 |     type: boolean
 |   - name: NULL != a
 |     type: boolean
 |   - name: NULL != d
 |     type: boolean
 |   - name: NULL != u
 |     type: boolean
 |   - name: NULL != b1
 |     type: boolean
 |   - name: NULL != s1
 |     type: boolean
 |   - name: NULL != v1
 |     type: boolean
 |   rows:
 |   - [null, null, null, null, null, null, null]
 |   - [null, null, null, null, null, null, null]
 | ...

CREATE TABLE t0(pk INT PRIMARY KEY, i0 INT, a0 NUMBER, d0 DOUBLE, u0 UNSIGNED, b0 BOOLEAN, s0 STRING, v0 VARBINARY, sc0 SCALAR);
 | ---
 | - row_count: 1
 | ...
INSERT INTO t0 VALUES (1, NULL, NULL, NULL, NULL, NULL, NULL, NULL, NULL);
 | ---
 | - row_count: 1
 | ...
SELECT i0 > i, i0 > a, i0 > d, i0 > u, i0 > b1, i0 > s1, i0 > v1 FROM t0, tn, tb, ts, tv;
 | ---
 | - metadata:
 |   - name: i0 > i
 |     type: boolean
 |   - name: i0 > a
 |     type: boolean
 |   - name: i0 > d
 |     type: boolean
 |   - name: i0 > u
 |     type: boolean
 |   - name: i0 > b1
 |     type: boolean
 |   - name: i0 > s1
 |     type: boolean
 |   - name: i0 > v1
 |     type: boolean
 |   rows:
 |   - [null, null, null, null, null, null, null]
 |   - [null, null, null, null, null, null, null]
 | ...
SELECT i0 < i, i0 < a, i0 < d, i0 < u, i0 < b1, i0 < s1, i0 < v1 FROM t0, tn, tb, ts, tv;
 | ---
 | - metadata:
 |   - name: i0 < i
 |     type: boolean
 |   - name: i0 < a
 |     type: boolean
 |   - name: i0 < d
 |     type: boolean
 |   - name: i0 < u
 |     type: boolean
 |   - name: i0 < b1
 |     type: boolean
 |   - name: i0 < s1
 |     type: boolean
 |   - name: i0 < v1
 |     type: boolean
 |   rows:
 |   - [null, null, null, null, null, null, null]
 |   - [null, null, null, null, null, null, null]
 | ...
SELECT i0 >= i, i0 >= a, i0 >= d, i0 >= u, i0 >= b1, i0 >= s1, i0 >= v1 FROM t0, tn, tb, ts, tv;
 | ---
 | - metadata:
 |   - name: i0 >= i
 |     type: any
 |   - name: i0 >= a
 |     type: any
 |   - name: i0 >= d
 |     type: any
 |   - name: i0 >= u
 |     type: any
 |   - name: i0 >= b1
 |     type: any
 |   - name: i0 >= s1
 |     type: any
 |   - name: i0 >= v1
 |     type: any
 |   rows:
 |   - [null, null, null, null, null, null, null]
 |   - [null, null, null, null, null, null, null]
 | ...
SELECT i0 <= i, i0 <= a, i0 <= d, i0 <= u, i0 <= b1, i0 <= s1, i0 <= v1 FROM t0, tn, tb, ts, tv;
 | ---
 | - metadata:
 |   - name: i0 <= i
 |     type: boolean
 |   - name: i0 <= a
 |     type: boolean
 |   - name: i0 <= d
 |     type: boolean
 |   - name: i0 <= u
 |     type: boolean
 |   - name: i0 <= b1
 |     type: boolean
 |   - name: i0 <= s1
 |     type: boolean
 |   - name: i0 <= v1
 |     type: boolean
 |   rows:
 |   - [null, null, null, null, null, null, null]
 |   - [null, null, null, null, null, null, null]
 | ...
SELECT i0 = i, i0 = a, i0 = d, i0 = u, i0 = b1, i0 = s1, i0 = v1 FROM t0, tn, tb, ts, tv;
 | ---
 | - metadata:
 |   - name: i0 = i
 |     type: boolean
 |   - name: i0 = a
 |     type: boolean
 |   - name: i0 = d
 |     type: boolean
 |   - name: i0 = u
 |     type: boolean
 |   - name: i0 = b1
 |     type: boolean
 |   - name: i0 = s1
 |     type: boolean
 |   - name: i0 = v1
 |     type: boolean
 |   rows:
 |   - [null, null, null, null, null, null, null]
 |   - [null, null, null, null, null, null, null]
 | ...
SELECT i0 != i, i0 != a, i0 != d, i0 != u, i0 != b1, i0 != s1, i0 != v1 FROM t0, tn, tb, ts, tv;
 | ---
 | - metadata:
 |   - name: i0 != i
 |     type: boolean
 |   - name: i0 != a
 |     type: boolean
 |   - name: i0 != d
 |     type: boolean
 |   - name: i0 != u
 |     type: boolean
 |   - name: i0 != b1
 |     type: boolean
 |   - name: i0 != s1
 |     type: boolean
 |   - name: i0 != v1
 |     type: boolean
 |   rows:
 |   - [null, null, null, null, null, null, null]
 |   - [null, null, null, null, null, null, null]
 | ...

SELECT i > i0, a > i0, d > i0, u > i0, b1 > i0, s1 > i0, v1 > i0 FROM t0, tn, tb, ts, tv;
 | ---
 | - metadata:
 |   - name: i > i0
 |     type: boolean
 |   - name: a > i0
 |     type: boolean
 |   - name: d > i0
 |     type: boolean
 |   - name: u > i0
 |     type: boolean
 |   - name: b1 > i0
 |     type: boolean
 |   - name: s1 > i0
 |     type: boolean
 |   - name: v1 > i0
 |     type: boolean
 |   rows:
 |   - [null, null, null, null, null, null, null]
 |   - [null, null, null, null, null, null, null]
 | ...
SELECT i < i0, a < i0, d < i0, u < i0, b1 < i0, s1 < i0, v1 < i0 FROM t0, tn, tb, ts, tv;
 | ---
 | - metadata:
 |   - name: i < i0
 |     type: boolean
 |   - name: a < i0
 |     type: boolean
 |   - name: d < i0
 |     type: boolean
 |   - name: u < i0
 |     type: boolean
 |   - name: b1 < i0
 |     type: boolean
 |   - name: s1 < i0
 |     type: boolean
 |   - name: v1 < i0
 |     type: boolean
 |   rows:
 |   - [null, null, null, null, null, null, null]
 |   - [null, null, null, null, null, null, null]
 | ...
SELECT i >= i0, a >= i0, d >= i0, u >= i0, b1 >= i0, s1 >= i0, v1 >= i0 FROM t0, tn, tb, ts, tv;
 | ---
 | - metadata:
 |   - name: i >= i0
 |     type: any
 |   - name: a >= i0
 |     type: any
 |   - name: d >= i0
 |     type: any
 |   - name: u >= i0
 |     type: any
 |   - name: b1 >= i0
 |     type: any
 |   - name: s1 >= i0
 |     type: any
 |   - name: v1 >= i0
 |     type: any
 |   rows:
 |   - [null, null, null, null, null, null, null]
 |   - [null, null, null, null, null, null, null]
 | ...
SELECT i <= i0, a <= i0, d <= i0, u <= i0, b1 <= i0, s1 <= i0, v1 <= i0 FROM t0, tn, tb, ts, tv;
 | ---
 | - metadata:
 |   - name: i <= i0
 |     type: boolean
 |   - name: a <= i0
 |     type: boolean
 |   - name: d <= i0
 |     type: boolean
 |   - name: u <= i0
 |     type: boolean
 |   - name: b1 <= i0
 |     type: boolean
 |   - name: s1 <= i0
 |     type: boolean
 |   - name: v1 <= i0
 |     type: boolean
 |   rows:
 |   - [null, null, null, null, null, null, null]
 |   - [null, null, null, null, null, null, null]
 | ...
SELECT i = i0, a = i0, d = i0, u = i0, b1 = i0, s1 = i0, v1 = i0 FROM t0, tn, tb, ts, tv;
 | ---
 | - metadata:
 |   - name: i = i0
 |     type: boolean
 |   - name: a = i0
 |     type: boolean
 |   - name: d = i0
 |     type: boolean
 |   - name: u = i0
 |     type: boolean
 |   - name: b1 = i0
 |     type: boolean
 |   - name: s1 = i0
 |     type: boolean
 |   - name: v1 = i0
 |     type: boolean
 |   rows:
 |   - [null, null, null, null, null, null, null]
 |   - [null, null, null, null, null, null, null]
 | ...
SELECT i != i0, a != i0, d != i0, u != i0, b1 != i0, s1 != i0, v1 != i0 FROM t0, tn, tb, ts, tv;
 | ---
 | - metadata:
 |   - name: i != i0
 |     type: boolean
 |   - name: a != i0
 |     type: boolean
 |   - name: d != i0
 |     type: boolean
 |   - name: u != i0
 |     type: boolean
 |   - name: b1 != i0
 |     type: boolean
 |   - name: s1 != i0
 |     type: boolean
 |   - name: v1 != i0
 |     type: boolean
 |   rows:
 |   - [null, null, null, null, null, null, null]
 |   - [null, null, null, null, null, null, null]
 | ...

SELECT a0 > i, a0 > a, a0 > d, a0 > u, a0 > b1, a0 > s1, a0 > v1 FROM t0, tn, tb, ts, tv;
 | ---
 | - metadata:
 |   - name: a0 > i
 |     type: boolean
 |   - name: a0 > a
 |     type: boolean
 |   - name: a0 > d
 |     type: boolean
 |   - name: a0 > u
 |     type: boolean
 |   - name: a0 > b1
 |     type: boolean
 |   - name: a0 > s1
 |     type: boolean
 |   - name: a0 > v1
 |     type: boolean
 |   rows:
 |   - [null, null, null, null, null, null, null]
 |   - [null, null, null, null, null, null, null]
 | ...
SELECT a0 < i, a0 < a, a0 < d, a0 < u, a0 < b1, a0 < s1, a0 < v1 FROM t0, tn, tb, ts, tv;
 | ---
 | - metadata:
 |   - name: a0 < i
 |     type: boolean
 |   - name: a0 < a
 |     type: boolean
 |   - name: a0 < d
 |     type: boolean
 |   - name: a0 < u
 |     type: boolean
 |   - name: a0 < b1
 |     type: boolean
 |   - name: a0 < s1
 |     type: boolean
 |   - name: a0 < v1
 |     type: boolean
 |   rows:
 |   - [null, null, null, null, null, null, null]
 |   - [null, null, null, null, null, null, null]
 | ...
SELECT a0 >= i, a0 >= a, a0 >= d, a0 >= u, a0 >= b1, a0 >= s1, a0 >= v1 FROM t0, tn, tb, ts, tv;
 | ---
 | - metadata:
 |   - name: a0 >= i
 |     type: any
 |   - name: a0 >= a
 |     type: any
 |   - name: a0 >= d
 |     type: any
 |   - name: a0 >= u
 |     type: any
 |   - name: a0 >= b1
 |     type: any
 |   - name: a0 >= s1
 |     type: any
 |   - name: a0 >= v1
 |     type: any
 |   rows:
 |   - [null, null, null, null, null, null, null]
 |   - [null, null, null, null, null, null, null]
 | ...
SELECT a0 <= i, a0 <= a, a0 <= d, a0 <= u, a0 <= b1, a0 <= s1, a0 <= v1 FROM t0, tn, tb, ts, tv;
 | ---
 | - metadata:
 |   - name: a0 <= i
 |     type: boolean
 |   - name: a0 <= a
 |     type: boolean
 |   - name: a0 <= d
 |     type: boolean
 |   - name: a0 <= u
 |     type: boolean
 |   - name: a0 <= b1
 |     type: boolean
 |   - name: a0 <= s1
 |     type: boolean
 |   - name: a0 <= v1
 |     type: boolean
 |   rows:
 |   - [null, null, null, null, null, null, null]
 |   - [null, null, null, null, null, null, null]
 | ...
SELECT a0 = i, a0 = a, a0 = d, a0 = u, a0 = b1, a0 = s1, a0 = v1 FROM t0, tn, tb, ts, tv;
 | ---
 | - metadata:
 |   - name: a0 = i
 |     type: boolean
 |   - name: a0 = a
 |     type: boolean
 |   - name: a0 = d
 |     type: boolean
 |   - name: a0 = u
 |     type: boolean
 |   - name: a0 = b1
 |     type: boolean
 |   - name: a0 = s1
 |     type: boolean
 |   - name: a0 = v1
 |     type: boolean
 |   rows:
 |   - [null, null, null, null, null, null, null]
 |   - [null, null, null, null, null, null, null]
 | ...
SELECT a0 != i, a0 != a, a0 != d, a0 != u, a0 != b1, a0 != s1, a0 != v1 FROM t0, tn, tb, ts, tv;
 | ---
 | - metadata:
 |   - name: a0 != i
 |     type: boolean
 |   - name: a0 != a
 |     type: boolean
 |   - name: a0 != d
 |     type: boolean
 |   - name: a0 != u
 |     type: boolean
 |   - name: a0 != b1
 |     type: boolean
 |   - name: a0 != s1
 |     type: boolean
 |   - name: a0 != v1
 |     type: boolean
 |   rows:
 |   - [null, null, null, null, null, null, null]
 |   - [null, null, null, null, null, null, null]
 | ...

SELECT i > a0, a > a0, d > a0, u > a0, b1 > a0, s1 > a0, v1 > a0 FROM t0, tn, tb, ts, tv;
 | ---
 | - metadata:
 |   - name: i > a0
 |     type: boolean
 |   - name: a > a0
 |     type: boolean
 |   - name: d > a0
 |     type: boolean
 |   - name: u > a0
 |     type: boolean
 |   - name: b1 > a0
 |     type: boolean
 |   - name: s1 > a0
 |     type: boolean
 |   - name: v1 > a0
 |     type: boolean
 |   rows:
 |   - [null, null, null, null, null, null, null]
 |   - [null, null, null, null, null, null, null]
 | ...
SELECT i < a0, a < a0, d < a0, u < a0, b1 < a0, s1 < a0, v1 < a0 FROM t0, tn, tb, ts, tv;
 | ---
 | - metadata:
 |   - name: i < a0
 |     type: boolean
 |   - name: a < a0
 |     type: boolean
 |   - name: d < a0
 |     type: boolean
 |   - name: u < a0
 |     type: boolean
 |   - name: b1 < a0
 |     type: boolean
 |   - name: s1 < a0
 |     type: boolean
 |   - name: v1 < a0
 |     type: boolean
 |   rows:
 |   - [null, null, null, null, null, null, null]
 |   - [null, null, null, null, null, null, null]
 | ...
SELECT i >= a0, a >= a0, d >= a0, u >= a0, b1 >= a0, s1 >= a0, v1 >= a0 FROM t0, tn, tb, ts, tv;
 | ---
 | - metadata:
 |   - name: i >= a0
 |     type: any
 |   - name: a >= a0
 |     type: any
 |   - name: d >= a0
 |     type: any
 |   - name: u >= a0
 |     type: any
 |   - name: b1 >= a0
 |     type: any
 |   - name: s1 >= a0
 |     type: any
 |   - name: v1 >= a0
 |     type: any
 |   rows:
 |   - [null, null, null, null, null, null, null]
 |   - [null, null, null, null, null, null, null]
 | ...
SELECT i <= a0, a <= a0, d <= a0, u <= a0, b1 <= a0, s1 <= a0, v1 <= a0 FROM t0, tn, tb, ts, tv;
 | ---
 | - metadata:
 |   - name: i <= a0
 |     type: boolean
 |   - name: a <= a0
 |     type: boolean
 |   - name: d <= a0
 |     type: boolean
 |   - name: u <= a0
 |     type: boolean
 |   - name: b1 <= a0
 |     type: boolean
 |   - name: s1 <= a0
 |     type: boolean
 |   - name: v1 <= a0
 |     type: boolean
 |   rows:
 |   - [null, null, null, null, null, null, null]
 |   - [null, null, null, null, null, null, null]
 | ...
SELECT i = a0, a = a0, d = a0, u = a0, b1 = a0, s1 = a0, v1 = a0 FROM t0, tn, tb, ts, tv;
 | ---
 | - metadata:
 |   - name: i = a0
 |     type: boolean
 |   - name: a = a0
 |     type: boolean
 |   - name: d = a0
 |     type: boolean
 |   - name: u = a0
 |     type: boolean
 |   - name: b1 = a0
 |     type: boolean
 |   - name: s1 = a0
 |     type: boolean
 |   - name: v1 = a0
 |     type: boolean
 |   rows:
 |   - [null, null, null, null, null, null, null]
 |   - [null, null, null, null, null, null, null]
 | ...
SELECT i != a0, a != a0, d != a0, u != a0, b1 != a0, s1 != a0, v1 != a0 FROM t0, tn, tb, ts, tv;
 | ---
 | - metadata:
 |   - name: i != a0
 |     type: boolean
 |   - name: a != a0
 |     type: boolean
 |   - name: d != a0
 |     type: boolean
 |   - name: u != a0
 |     type: boolean
 |   - name: b1 != a0
 |     type: boolean
 |   - name: s1 != a0
 |     type: boolean
 |   - name: v1 != a0
 |     type: boolean
 |   rows:
 |   - [null, null, null, null, null, null, null]
 |   - [null, null, null, null, null, null, null]
 | ...

SELECT d0 > i, d0 > a, d0 > d, d0 > u, d0 > b1, d0 > s1, d0 > v1 FROM t0, tn, tb, ts, tv;
 | ---
 | - metadata:
 |   - name: d0 > i
 |     type: boolean
 |   - name: d0 > a
 |     type: boolean
 |   - name: d0 > d
 |     type: boolean
 |   - name: d0 > u
 |     type: boolean
 |   - name: d0 > b1
 |     type: boolean
 |   - name: d0 > s1
 |     type: boolean
 |   - name: d0 > v1
 |     type: boolean
 |   rows:
 |   - [null, null, null, null, null, null, null]
 |   - [null, null, null, null, null, null, null]
 | ...
SELECT d0 < i, d0 < a, d0 < d, d0 < u, d0 < b1, d0 < s1, d0 < v1 FROM t0, tn, tb, ts, tv;
 | ---
 | - metadata:
 |   - name: d0 < i
 |     type: boolean
 |   - name: d0 < a
 |     type: boolean
 |   - name: d0 < d
 |     type: boolean
 |   - name: d0 < u
 |     type: boolean
 |   - name: d0 < b1
 |     type: boolean
 |   - name: d0 < s1
 |     type: boolean
 |   - name: d0 < v1
 |     type: boolean
 |   rows:
 |   - [null, null, null, null, null, null, null]
 |   - [null, null, null, null, null, null, null]
 | ...
SELECT d0 >= i, d0 >= a, d0 >= d, d0 >= u, d0 >= b1, d0 >= s1, d0 >= v1 FROM t0, tn, tb, ts, tv;
 | ---
 | - metadata:
 |   - name: d0 >= i
 |     type: any
 |   - name: d0 >= a
 |     type: any
 |   - name: d0 >= d
 |     type: any
 |   - name: d0 >= u
 |     type: any
 |   - name: d0 >= b1
 |     type: any
 |   - name: d0 >= s1
 |     type: any
 |   - name: d0 >= v1
 |     type: any
 |   rows:
 |   - [null, null, null, null, null, null, null]
 |   - [null, null, null, null, null, null, null]
 | ...
SELECT d0 <= i, d0 <= a, d0 <= d, d0 <= u, d0 <= b1, d0 <= s1, d0 <= v1 FROM t0, tn, tb, ts, tv;
 | ---
 | - metadata:
 |   - name: d0 <= i
 |     type: boolean
 |   - name: d0 <= a
 |     type: boolean
 |   - name: d0 <= d
 |     type: boolean
 |   - name: d0 <= u
 |     type: boolean
 |   - name: d0 <= b1
 |     type: boolean
 |   - name: d0 <= s1
 |     type: boolean
 |   - name: d0 <= v1
 |     type: boolean
 |   rows:
 |   - [null, null, null, null, null, null, null]
 |   - [null, null, null, null, null, null, null]
 | ...
SELECT d0 = i, d0 = a, d0 = d, d0 = u, d0 = b1, d0 = s1, d0 = v1 FROM t0, tn, tb, ts, tv;
 | ---
 | - metadata:
 |   - name: d0 = i
 |     type: boolean
 |   - name: d0 = a
 |     type: boolean
 |   - name: d0 = d
 |     type: boolean
 |   - name: d0 = u
 |     type: boolean
 |   - name: d0 = b1
 |     type: boolean
 |   - name: d0 = s1
 |     type: boolean
 |   - name: d0 = v1
 |     type: boolean
 |   rows:
 |   - [null, null, null, null, null, null, null]
 |   - [null, null, null, null, null, null, null]
 | ...
SELECT d0 != i, d0 != a, d0 != d, d0 != u, d0 != b1, d0 != s1, d0 != v1 FROM t0, tn, tb, ts, tv;
 | ---
 | - metadata:
 |   - name: d0 != i
 |     type: boolean
 |   - name: d0 != a
 |     type: boolean
 |   - name: d0 != d
 |     type: boolean
 |   - name: d0 != u
 |     type: boolean
 |   - name: d0 != b1
 |     type: boolean
 |   - name: d0 != s1
 |     type: boolean
 |   - name: d0 != v1
 |     type: boolean
 |   rows:
 |   - [null, null, null, null, null, null, null]
 |   - [null, null, null, null, null, null, null]
 | ...

SELECT i > d0, a > d0, d > d0, u > d0, b1 > d0, s1 > d0, v1 > d0 FROM t0, tn, tb, ts, tv;
 | ---
 | - metadata:
 |   - name: i > d0
 |     type: boolean
 |   - name: a > d0
 |     type: boolean
 |   - name: d > d0
 |     type: boolean
 |   - name: u > d0
 |     type: boolean
 |   - name: b1 > d0
 |     type: boolean
 |   - name: s1 > d0
 |     type: boolean
 |   - name: v1 > d0
 |     type: boolean
 |   rows:
 |   - [null, null, null, null, null, null, null]
 |   - [null, null, null, null, null, null, null]
 | ...
SELECT i < d0, a < d0, d < d0, u < d0, b1 < d0, s1 < d0, v1 < d0 FROM t0, tn, tb, ts, tv;
 | ---
 | - metadata:
 |   - name: i < d0
 |     type: boolean
 |   - name: a < d0
 |     type: boolean
 |   - name: d < d0
 |     type: boolean
 |   - name: u < d0
 |     type: boolean
 |   - name: b1 < d0
 |     type: boolean
 |   - name: s1 < d0
 |     type: boolean
 |   - name: v1 < d0
 |     type: boolean
 |   rows:
 |   - [null, null, null, null, null, null, null]
 |   - [null, null, null, null, null, null, null]
 | ...
SELECT i >= d0, a >= d0, d >= d0, u >= d0, b1 >= d0, s1 >= d0, v1 >= d0 FROM t0, tn, tb, ts, tv;
 | ---
 | - metadata:
 |   - name: i >= d0
 |     type: any
 |   - name: a >= d0
 |     type: any
 |   - name: d >= d0
 |     type: any
 |   - name: u >= d0
 |     type: any
 |   - name: b1 >= d0
 |     type: any
 |   - name: s1 >= d0
 |     type: any
 |   - name: v1 >= d0
 |     type: any
 |   rows:
 |   - [null, null, null, null, null, null, null]
 |   - [null, null, null, null, null, null, null]
 | ...
SELECT i <= d0, a <= d0, d <= d0, u <= d0, b1 <= d0, s1 <= d0, v1 <= d0 FROM t0, tn, tb, ts, tv;
 | ---
 | - metadata:
 |   - name: i <= d0
 |     type: boolean
 |   - name: a <= d0
 |     type: boolean
 |   - name: d <= d0
 |     type: boolean
 |   - name: u <= d0
 |     type: boolean
 |   - name: b1 <= d0
 |     type: boolean
 |   - name: s1 <= d0
 |     type: boolean
 |   - name: v1 <= d0
 |     type: boolean
 |   rows:
 |   - [null, null, null, null, null, null, null]
 |   - [null, null, null, null, null, null, null]
 | ...
SELECT i = d0, a = d0, d = d0, u = d0, b1 = d0, s1 = d0, v1 = d0 FROM t0, tn, tb, ts, tv;
 | ---
 | - metadata:
 |   - name: i = d0
 |     type: boolean
 |   - name: a = d0
 |     type: boolean
 |   - name: d = d0
 |     type: boolean
 |   - name: u = d0
 |     type: boolean
 |   - name: b1 = d0
 |     type: boolean
 |   - name: s1 = d0
 |     type: boolean
 |   - name: v1 = d0
 |     type: boolean
 |   rows:
 |   - [null, null, null, null, null, null, null]
 |   - [null, null, null, null, null, null, null]
 | ...
SELECT i != d0, a != d0, d != d0, u != d0, b1 != d0, s1 != d0, v1 != d0 FROM t0, tn, tb, ts, tv;
 | ---
 | - metadata:
 |   - name: i != d0
 |     type: boolean
 |   - name: a != d0
 |     type: boolean
 |   - name: d != d0
 |     type: boolean
 |   - name: u != d0
 |     type: boolean
 |   - name: b1 != d0
 |     type: boolean
 |   - name: s1 != d0
 |     type: boolean
 |   - name: v1 != d0
 |     type: boolean
 |   rows:
 |   - [null, null, null, null, null, null, null]
 |   - [null, null, null, null, null, null, null]
 | ...

SELECT u0 > i, u0 > a, u0 > d, u0 > u, u0 > b1, u0 > s1, u0 > v1 FROM t0, tn, tb, ts, tv;
 | ---
 | - metadata:
 |   - name: u0 > i
 |     type: boolean
 |   - name: u0 > a
 |     type: boolean
 |   - name: u0 > d
 |     type: boolean
 |   - name: u0 > u
 |     type: boolean
 |   - name: u0 > b1
 |     type: boolean
 |   - name: u0 > s1
 |     type: boolean
 |   - name: u0 > v1
 |     type: boolean
 |   rows:
 |   - [null, null, null, null, null, null, null]
 |   - [null, null, null, null, null, null, null]
 | ...
SELECT u0 < i, u0 < a, u0 < d, u0 < u, u0 < b1, u0 < s1, u0 < v1 FROM t0, tn, tb, ts, tv;
 | ---
 | - metadata:
 |   - name: u0 < i
 |     type: boolean
 |   - name: u0 < a
 |     type: boolean
 |   - name: u0 < d
 |     type: boolean
 |   - name: u0 < u
 |     type: boolean
 |   - name: u0 < b1
 |     type: boolean
 |   - name: u0 < s1
 |     type: boolean
 |   - name: u0 < v1
 |     type: boolean
 |   rows:
 |   - [null, null, null, null, null, null, null]
 |   - [null, null, null, null, null, null, null]
 | ...
SELECT u0 >= i, u0 >= a, u0 >= d, u0 >= u, u0 >= b1, u0 >= s1, u0 >= v1 FROM t0, tn, tb, ts, tv;
 | ---
 | - metadata:
 |   - name: u0 >= i
 |     type: any
 |   - name: u0 >= a
 |     type: any
 |   - name: u0 >= d
 |     type: any
 |   - name: u0 >= u
 |     type: any
 |   - name: u0 >= b1
 |     type: any
 |   - name: u0 >= s1
 |     type: any
 |   - name: u0 >= v1
 |     type: any
 |   rows:
 |   - [null, null, null, null, null, null, null]
 |   - [null, null, null, null, null, null, null]
 | ...
SELECT u0 <= i, u0 <= a, u0 <= d, u0 <= u, u0 <= b1, u0 <= s1, u0 <= v1 FROM t0, tn, tb, ts, tv;
 | ---
 | - metadata:
 |   - name: u0 <= i
 |     type: boolean
 |   - name: u0 <= a
 |     type: boolean
 |   - name: u0 <= d
 |     type: boolean
 |   - name: u0 <= u
 |     type: boolean
 |   - name: u0 <= b1
 |     type: boolean
 |   - name: u0 <= s1
 |     type: boolean
 |   - name: u0 <= v1
 |     type: boolean
 |   rows:
 |   - [null, null, null, null, null, null, null]
 |   - [null, null, null, null, null, null, null]
 | ...
SELECT u0 = i, u0 = a, u0 = d, u0 = u, u0 = b1, u0 = s1, u0 = v1 FROM t0, tn, tb, ts, tv;
 | ---
 | - metadata:
 |   - name: u0 = i
 |     type: boolean
 |   - name: u0 = a
 |     type: boolean
 |   - name: u0 = d
 |     type: boolean
 |   - name: u0 = u
 |     type: boolean
 |   - name: u0 = b1
 |     type: boolean
 |   - name: u0 = s1
 |     type: boolean
 |   - name: u0 = v1
 |     type: boolean
 |   rows:
 |   - [null, null, null, null, null, null, null]
 |   - [null, null, null, null, null, null, null]
 | ...
SELECT u0 != i, u0 != a, u0 != d, u0 != u, u0 != b1, u0 != s1, u0 != v1 FROM t0, tn, tb, ts, tv;
 | ---
 | - metadata:
 |   - name: u0 != i
 |     type: boolean
 |   - name: u0 != a
 |     type: boolean
 |   - name: u0 != d
 |     type: boolean
 |   - name: u0 != u
 |     type: boolean
 |   - name: u0 != b1
 |     type: boolean
 |   - name: u0 != s1
 |     type: boolean
 |   - name: u0 != v1
 |     type: boolean
 |   rows:
 |   - [null, null, null, null, null, null, null]
 |   - [null, null, null, null, null, null, null]
 | ...

SELECT i > u0, a > u0, d > u0, u > u0, b1 > u0, s1 > u0, v1 > u0 FROM t0, tn, tb, ts, tv;
 | ---
 | - metadata:
 |   - name: i > u0
 |     type: boolean
 |   - name: a > u0
 |     type: boolean
 |   - name: d > u0
 |     type: boolean
 |   - name: u > u0
 |     type: boolean
 |   - name: b1 > u0
 |     type: boolean
 |   - name: s1 > u0
 |     type: boolean
 |   - name: v1 > u0
 |     type: boolean
 |   rows:
 |   - [null, null, null, null, null, null, null]
 |   - [null, null, null, null, null, null, null]
 | ...
SELECT i < u0, a < u0, d < u0, u < u0, b1 < u0, s1 < u0, v1 < u0 FROM t0, tn, tb, ts, tv;
 | ---
 | - metadata:
 |   - name: i < u0
 |     type: boolean
 |   - name: a < u0
 |     type: boolean
 |   - name: d < u0
 |     type: boolean
 |   - name: u < u0
 |     type: boolean
 |   - name: b1 < u0
 |     type: boolean
 |   - name: s1 < u0
 |     type: boolean
 |   - name: v1 < u0
 |     type: boolean
 |   rows:
 |   - [null, null, null, null, null, null, null]
 |   - [null, null, null, null, null, null, null]
 | ...
SELECT i >= u0, a >= u0, d >= u0, u >= u0, b1 >= u0, s1 >= u0, v1 >= u0 FROM t0, tn, tb, ts, tv;
 | ---
 | - metadata:
 |   - name: i >= u0
 |     type: any
 |   - name: a >= u0
 |     type: any
 |   - name: d >= u0
 |     type: any
 |   - name: u >= u0
 |     type: any
 |   - name: b1 >= u0
 |     type: any
 |   - name: s1 >= u0
 |     type: any
 |   - name: v1 >= u0
 |     type: any
 |   rows:
 |   - [null, null, null, null, null, null, null]
 |   - [null, null, null, null, null, null, null]
 | ...
SELECT i <= u0, a <= u0, d <= u0, u <= u0, b1 <= u0, s1 <= u0, v1 <= u0 FROM t0, tn, tb, ts, tv;
 | ---
 | - metadata:
 |   - name: i <= u0
 |     type: boolean
 |   - name: a <= u0
 |     type: boolean
 |   - name: d <= u0
 |     type: boolean
 |   - name: u <= u0
 |     type: boolean
 |   - name: b1 <= u0
 |     type: boolean
 |   - name: s1 <= u0
 |     type: boolean
 |   - name: v1 <= u0
 |     type: boolean
 |   rows:
 |   - [null, null, null, null, null, null, null]
 |   - [null, null, null, null, null, null, null]
 | ...
SELECT i = u0, a = u0, d = u0, u = u0, b1 = u0, s1 = u0, v1 = u0 FROM t0, tn, tb, ts, tv;
 | ---
 | - metadata:
 |   - name: i = u0
 |     type: boolean
 |   - name: a = u0
 |     type: boolean
 |   - name: d = u0
 |     type: boolean
 |   - name: u = u0
 |     type: boolean
 |   - name: b1 = u0
 |     type: boolean
 |   - name: s1 = u0
 |     type: boolean
 |   - name: v1 = u0
 |     type: boolean
 |   rows:
 |   - [null, null, null, null, null, null, null]
 |   - [null, null, null, null, null, null, null]
 | ...
SELECT i != u0, a != u0, d != u0, u != u0, b1 != u0, s1 != u0, v1 != u0 FROM t0, tn, tb, ts, tv;
 | ---
 | - metadata:
 |   - name: i != u0
 |     type: boolean
 |   - name: a != u0
 |     type: boolean
 |   - name: d != u0
 |     type: boolean
 |   - name: u != u0
 |     type: boolean
 |   - name: b1 != u0
 |     type: boolean
 |   - name: s1 != u0
 |     type: boolean
 |   - name: v1 != u0
 |     type: boolean
 |   rows:
 |   - [null, null, null, null, null, null, null]
 |   - [null, null, null, null, null, null, null]
 | ...

SELECT b0 > i, b0 > a, b0 > d, b0 > u, b0 > b1, b0 > s1, b0 > v1 FROM t0, tn, tb, ts, tv;
 | ---
 | - metadata:
 |   - name: b0 > i
 |     type: boolean
 |   - name: b0 > a
 |     type: boolean
 |   - name: b0 > d
 |     type: boolean
 |   - name: b0 > u
 |     type: boolean
 |   - name: b0 > b1
 |     type: boolean
 |   - name: b0 > s1
 |     type: boolean
 |   - name: b0 > v1
 |     type: boolean
 |   rows:
 |   - [null, null, null, null, null, null, null]
 |   - [null, null, null, null, null, null, null]
 | ...
SELECT b0 < i, b0 < a, b0 < d, b0 < u, b0 < b1, b0 < s1, b0 < v1 FROM t0, tn, tb, ts, tv;
 | ---
 | - metadata:
 |   - name: b0 < i
 |     type: boolean
 |   - name: b0 < a
 |     type: boolean
 |   - name: b0 < d
 |     type: boolean
 |   - name: b0 < u
 |     type: boolean
 |   - name: b0 < b1
 |     type: boolean
 |   - name: b0 < s1
 |     type: boolean
 |   - name: b0 < v1
 |     type: boolean
 |   rows:
 |   - [null, null, null, null, null, null, null]
 |   - [null, null, null, null, null, null, null]
 | ...
SELECT b0 >= i, b0 >= a, b0 >= d, b0 >= u, b0 >= b1, b0 >= s1, b0 >= v1 FROM t0, tn, tb, ts, tv;
 | ---
 | - metadata:
 |   - name: b0 >= i
 |     type: any
 |   - name: b0 >= a
 |     type: any
 |   - name: b0 >= d
 |     type: any
 |   - name: b0 >= u
 |     type: any
 |   - name: b0 >= b1
 |     type: any
 |   - name: b0 >= s1
 |     type: any
 |   - name: b0 >= v1
 |     type: any
 |   rows:
 |   - [null, null, null, null, null, null, null]
 |   - [null, null, null, null, null, null, null]
 | ...
SELECT b0 <= i, b0 <= a, b0 <= d, b0 <= u, b0 <= b1, b0 <= s1, b0 <= v1 FROM t0, tn, tb, ts, tv;
 | ---
 | - metadata:
 |   - name: b0 <= i
 |     type: boolean
 |   - name: b0 <= a
 |     type: boolean
 |   - name: b0 <= d
 |     type: boolean
 |   - name: b0 <= u
 |     type: boolean
 |   - name: b0 <= b1
 |     type: boolean
 |   - name: b0 <= s1
 |     type: boolean
 |   - name: b0 <= v1
 |     type: boolean
 |   rows:
 |   - [null, null, null, null, null, null, null]
 |   - [null, null, null, null, null, null, null]
 | ...
SELECT b0 = i, b0 = a, b0 = d, b0 = u, b0 = b1, b0 = s1, b0 = v1 FROM t0, tn, tb, ts, tv;
 | ---
 | - metadata:
 |   - name: b0 = i
 |     type: boolean
 |   - name: b0 = a
 |     type: boolean
 |   - name: b0 = d
 |     type: boolean
 |   - name: b0 = u
 |     type: boolean
 |   - name: b0 = b1
 |     type: boolean
 |   - name: b0 = s1
 |     type: boolean
 |   - name: b0 = v1
 |     type: boolean
 |   rows:
 |   - [null, null, null, null, null, null, null]
 |   - [null, null, null, null, null, null, null]
 | ...
SELECT b0 != i, b0 != a, b0 != d, b0 != u, b0 != b1, b0 != s1, b0 != v1 FROM t0, tn, tb, ts, tv;
 | ---
 | - metadata:
 |   - name: b0 != i
 |     type: boolean
 |   - name: b0 != a
 |     type: boolean
 |   - name: b0 != d
 |     type: boolean
 |   - name: b0 != u
 |     type: boolean
 |   - name: b0 != b1
 |     type: boolean
 |   - name: b0 != s1
 |     type: boolean
 |   - name: b0 != v1
 |     type: boolean
 |   rows:
 |   - [null, null, null, null, null, null, null]
 |   - [null, null, null, null, null, null, null]
 | ...

SELECT i > b0, a > b0, d > b0, u > b0, b1 > b0, s1 > b0, v1 > b0 FROM t0, tn, tb, ts, tv;
 | ---
 | - metadata:
 |   - name: i > b0
 |     type: boolean
 |   - name: a > b0
 |     type: boolean
 |   - name: d > b0
 |     type: boolean
 |   - name: u > b0
 |     type: boolean
 |   - name: b1 > b0
 |     type: boolean
 |   - name: s1 > b0
 |     type: boolean
 |   - name: v1 > b0
 |     type: boolean
 |   rows:
 |   - [null, null, null, null, null, null, null]
 |   - [null, null, null, null, null, null, null]
 | ...
SELECT i < b0, a < b0, d < b0, u < b0, b1 < b0, s1 < b0, v1 < b0 FROM t0, tn, tb, ts, tv;
 | ---
 | - metadata:
 |   - name: i < b0
 |     type: boolean
 |   - name: a < b0
 |     type: boolean
 |   - name: d < b0
 |     type: boolean
 |   - name: u < b0
 |     type: boolean
 |   - name: b1 < b0
 |     type: boolean
 |   - name: s1 < b0
 |     type: boolean
 |   - name: v1 < b0
 |     type: boolean
 |   rows:
 |   - [null, null, null, null, null, null, null]
 |   - [null, null, null, null, null, null, null]
 | ...
SELECT i >= b0, a >= b0, d >= b0, u >= b0, b1 >= b0, s1 >= b0, v1 >= b0 FROM t0, tn, tb, ts, tv;
 | ---
 | - metadata:
 |   - name: i >= b0
 |     type: any
 |   - name: a >= b0
 |     type: any
 |   - name: d >= b0
 |     type: any
 |   - name: u >= b0
 |     type: any
 |   - name: b1 >= b0
 |     type: any
 |   - name: s1 >= b0
 |     type: any
 |   - name: v1 >= b0
 |     type: any
 |   rows:
 |   - [null, null, null, null, null, null, null]
 |   - [null, null, null, null, null, null, null]
 | ...
SELECT i <= b0, a <= b0, d <= b0, u <= b0, b1 <= b0, s1 <= b0, v1 <= b0 FROM t0, tn, tb, ts, tv;
 | ---
 | - metadata:
 |   - name: i <= b0
 |     type: boolean
 |   - name: a <= b0
 |     type: boolean
 |   - name: d <= b0
 |     type: boolean
 |   - name: u <= b0
 |     type: boolean
 |   - name: b1 <= b0
 |     type: boolean
 |   - name: s1 <= b0
 |     type: boolean
 |   - name: v1 <= b0
 |     type: boolean
 |   rows:
 |   - [null, null, null, null, null, null, null]
 |   - [null, null, null, null, null, null, null]
 | ...
SELECT i = b0, a = b0, d = b0, u = b0, b1 = b0, s1 = b0, v1 = b0 FROM t0, tn, tb, ts, tv;
 | ---
 | - metadata:
 |   - name: i = b0
 |     type: boolean
 |   - name: a = b0
 |     type: boolean
 |   - name: d = b0
 |     type: boolean
 |   - name: u = b0
 |     type: boolean
 |   - name: b1 = b0
 |     type: boolean
 |   - name: s1 = b0
 |     type: boolean
 |   - name: v1 = b0
 |     type: boolean
 |   rows:
 |   - [null, null, null, null, null, null, null]
 |   - [null, null, null, null, null, null, null]
 | ...
SELECT i != b0, a != b0, d != b0, u != b0, b1 != b0, s1 != b0, v1 != b0 FROM t0, tn, tb, ts, tv;
 | ---
 | - metadata:
 |   - name: i != b0
 |     type: boolean
 |   - name: a != b0
 |     type: boolean
 |   - name: d != b0
 |     type: boolean
 |   - name: u != b0
 |     type: boolean
 |   - name: b1 != b0
 |     type: boolean
 |   - name: s1 != b0
 |     type: boolean
 |   - name: v1 != b0
 |     type: boolean
 |   rows:
 |   - [null, null, null, null, null, null, null]
 |   - [null, null, null, null, null, null, null]
 | ...

SELECT s0 > i, s0 > a, s0 > d, s0 > u, s0 > b1, s0 > s1, s0 > v1 FROM t0, tn, tb, ts, tv;
 | ---
 | - metadata:
 |   - name: s0 > i
 |     type: boolean
 |   - name: s0 > a
 |     type: boolean
 |   - name: s0 > d
 |     type: boolean
 |   - name: s0 > u
 |     type: boolean
 |   - name: s0 > b1
 |     type: boolean
 |   - name: s0 > s1
 |     type: boolean
 |   - name: s0 > v1
 |     type: boolean
 |   rows:
 |   - [null, null, null, null, null, null, null]
 |   - [null, null, null, null, null, null, null]
 | ...
SELECT s0 < i, s0 < a, s0 < d, s0 < u, s0 < b1, s0 < s1, s0 < v1 FROM t0, tn, tb, ts, tv;
 | ---
 | - metadata:
 |   - name: s0 < i
 |     type: boolean
 |   - name: s0 < a
 |     type: boolean
 |   - name: s0 < d
 |     type: boolean
 |   - name: s0 < u
 |     type: boolean
 |   - name: s0 < b1
 |     type: boolean
 |   - name: s0 < s1
 |     type: boolean
 |   - name: s0 < v1
 |     type: boolean
 |   rows:
 |   - [null, null, null, null, null, null, null]
 |   - [null, null, null, null, null, null, null]
 | ...
SELECT s0 >= i, s0 >= a, s0 >= d, s0 >= u, s0 >= b1, s0 >= s1, s0 >= v1 FROM t0, tn, tb, ts, tv;
 | ---
 | - metadata:
 |   - name: s0 >= i
 |     type: any
 |   - name: s0 >= a
 |     type: any
 |   - name: s0 >= d
 |     type: any
 |   - name: s0 >= u
 |     type: any
 |   - name: s0 >= b1
 |     type: any
 |   - name: s0 >= s1
 |     type: any
 |   - name: s0 >= v1
 |     type: any
 |   rows:
 |   - [null, null, null, null, null, null, null]
 |   - [null, null, null, null, null, null, null]
 | ...
SELECT s0 <= i, s0 <= a, s0 <= d, s0 <= u, s0 <= b1, s0 <= s1, s0 <= v1 FROM t0, tn, tb, ts, tv;
 | ---
 | - metadata:
 |   - name: s0 <= i
 |     type: boolean
 |   - name: s0 <= a
 |     type: boolean
 |   - name: s0 <= d
 |     type: boolean
 |   - name: s0 <= u
 |     type: boolean
 |   - name: s0 <= b1
 |     type: boolean
 |   - name: s0 <= s1
 |     type: boolean
 |   - name: s0 <= v1
 |     type: boolean
 |   rows:
 |   - [null, null, null, null, null, null, null]
 |   - [null, null, null, null, null, null, null]
 | ...
SELECT s0 = i, s0 = a, s0 = d, s0 = u, s0 = b1, s0 = s1, s0 = v1 FROM t0, tn, tb, ts, tv;
 | ---
 | - metadata:
 |   - name: s0 = i
 |     type: boolean
 |   - name: s0 = a
 |     type: boolean
 |   - name: s0 = d
 |     type: boolean
 |   - name: s0 = u
 |     type: boolean
 |   - name: s0 = b1
 |     type: boolean
 |   - name: s0 = s1
 |     type: boolean
 |   - name: s0 = v1
 |     type: boolean
 |   rows:
 |   - [null, null, null, null, null, null, null]
 |   - [null, null, null, null, null, null, null]
 | ...
SELECT s0 != i, s0 != a, s0 != d, s0 != u, s0 != b1, s0 != s1, s0 != v1 FROM t0, tn, tb, ts, tv;
 | ---
 | - metadata:
 |   - name: s0 != i
 |     type: boolean
 |   - name: s0 != a
 |     type: boolean
 |   - name: s0 != d
 |     type: boolean
 |   - name: s0 != u
 |     type: boolean
 |   - name: s0 != b1
 |     type: boolean
 |   - name: s0 != s1
 |     type: boolean
 |   - name: s0 != v1
 |     type: boolean
 |   rows:
 |   - [null, null, null, null, null, null, null]
 |   - [null, null, null, null, null, null, null]
 | ...

SELECT i > s0, a > s0, d > s0, u > s0, b1 > s0, s1 > s0, v1 > s0 FROM t0, tn, tb, ts, tv;
 | ---
 | - metadata:
 |   - name: i > s0
 |     type: boolean
 |   - name: a > s0
 |     type: boolean
 |   - name: d > s0
 |     type: boolean
 |   - name: u > s0
 |     type: boolean
 |   - name: b1 > s0
 |     type: boolean
 |   - name: s1 > s0
 |     type: boolean
 |   - name: v1 > s0
 |     type: boolean
 |   rows:
 |   - [null, null, null, null, null, null, null]
 |   - [null, null, null, null, null, null, null]
 | ...
SELECT i < s0, a < s0, d < s0, u < s0, b1 < s0, s1 < s0, v1 < s0 FROM t0, tn, tb, ts, tv;
 | ---
 | - metadata:
 |   - name: i < s0
 |     type: boolean
 |   - name: a < s0
 |     type: boolean
 |   - name: d < s0
 |     type: boolean
 |   - name: u < s0
 |     type: boolean
 |   - name: b1 < s0
 |     type: boolean
 |   - name: s1 < s0
 |     type: boolean
 |   - name: v1 < s0
 |     type: boolean
 |   rows:
 |   - [null, null, null, null, null, null, null]
 |   - [null, null, null, null, null, null, null]
 | ...
SELECT i >= s0, a >= s0, d >= s0, u >= s0, b1 >= s0, s1 >= s0, v1 >= s0 FROM t0, tn, tb, ts, tv;
 | ---
 | - metadata:
 |   - name: i >= s0
 |     type: any
 |   - name: a >= s0
 |     type: any
 |   - name: d >= s0
 |     type: any
 |   - name: u >= s0
 |     type: any
 |   - name: b1 >= s0
 |     type: any
 |   - name: s1 >= s0
 |     type: any
 |   - name: v1 >= s0
 |     type: any
 |   rows:
 |   - [null, null, null, null, null, null, null]
 |   - [null, null, null, null, null, null, null]
 | ...
SELECT i <= s0, a <= s0, d <= s0, u <= s0, b1 <= s0, s1 <= s0, v1 <= s0 FROM t0, tn, tb, ts, tv;
 | ---
 | - metadata:
 |   - name: i <= s0
 |     type: boolean
 |   - name: a <= s0
 |     type: boolean
 |   - name: d <= s0
 |     type: boolean
 |   - name: u <= s0
 |     type: boolean
 |   - name: b1 <= s0
 |     type: boolean
 |   - name: s1 <= s0
 |     type: boolean
 |   - name: v1 <= s0
 |     type: boolean
 |   rows:
 |   - [null, null, null, null, null, null, null]
 |   - [null, null, null, null, null, null, null]
 | ...
SELECT i = s0, a = s0, d = s0, u = s0, b1 = s0, s1 = s0, v1 = s0 FROM t0, tn, tb, ts, tv;
 | ---
 | - metadata:
 |   - name: i = s0
 |     type: boolean
 |   - name: a = s0
 |     type: boolean
 |   - name: d = s0
 |     type: boolean
 |   - name: u = s0
 |     type: boolean
 |   - name: b1 = s0
 |     type: boolean
 |   - name: s1 = s0
 |     type: boolean
 |   - name: v1 = s0
 |     type: boolean
 |   rows:
 |   - [null, null, null, null, null, null, null]
 |   - [null, null, null, null, null, null, null]
 | ...
SELECT i != s0, a != s0, d != s0, u != s0, b1 != s0, s1 != s0, v1 != s0 FROM t0, tn, tb, ts, tv;
 | ---
 | - metadata:
 |   - name: i != s0
 |     type: boolean
 |   - name: a != s0
 |     type: boolean
 |   - name: d != s0
 |     type: boolean
 |   - name: u != s0
 |     type: boolean
 |   - name: b1 != s0
 |     type: boolean
 |   - name: s1 != s0
 |     type: boolean
 |   - name: v1 != s0
 |     type: boolean
 |   rows:
 |   - [null, null, null, null, null, null, null]
 |   - [null, null, null, null, null, null, null]
 | ...

SELECT v0 > i, v0 > a, v0 > d, v0 > u, v0 > b1, v0 > s1, v0 > v1 FROM t0, tn, tb, ts, tv;
 | ---
 | - metadata:
 |   - name: v0 > i
 |     type: boolean
 |   - name: v0 > a
 |     type: boolean
 |   - name: v0 > d
 |     type: boolean
 |   - name: v0 > u
 |     type: boolean
 |   - name: v0 > b1
 |     type: boolean
 |   - name: v0 > s1
 |     type: boolean
 |   - name: v0 > v1
 |     type: boolean
 |   rows:
 |   - [null, null, null, null, null, null, null]
 |   - [null, null, null, null, null, null, null]
 | ...
SELECT v0 < i, v0 < a, v0 < d, v0 < u, v0 < b1, v0 < s1, v0 < v1 FROM t0, tn, tb, ts, tv;
 | ---
 | - metadata:
 |   - name: v0 < i
 |     type: boolean
 |   - name: v0 < a
 |     type: boolean
 |   - name: v0 < d
 |     type: boolean
 |   - name: v0 < u
 |     type: boolean
 |   - name: v0 < b1
 |     type: boolean
 |   - name: v0 < s1
 |     type: boolean
 |   - name: v0 < v1
 |     type: boolean
 |   rows:
 |   - [null, null, null, null, null, null, null]
 |   - [null, null, null, null, null, null, null]
 | ...
SELECT v0 >= i, v0 >= a, v0 >= d, v0 >= u, v0 >= b1, v0 >= s1, v0 >= v1 FROM t0, tn, tb, ts, tv;
 | ---
 | - metadata:
 |   - name: v0 >= i
 |     type: any
 |   - name: v0 >= a
 |     type: any
 |   - name: v0 >= d
 |     type: any
 |   - name: v0 >= u
 |     type: any
 |   - name: v0 >= b1
 |     type: any
 |   - name: v0 >= s1
 |     type: any
 |   - name: v0 >= v1
 |     type: any
 |   rows:
 |   - [null, null, null, null, null, null, null]
 |   - [null, null, null, null, null, null, null]
 | ...
SELECT v0 <= i, v0 <= a, v0 <= d, v0 <= u, v0 <= b1, v0 <= s1, v0 <= v1 FROM t0, tn, tb, ts, tv;
 | ---
 | - metadata:
 |   - name: v0 <= i
 |     type: boolean
 |   - name: v0 <= a
 |     type: boolean
 |   - name: v0 <= d
 |     type: boolean
 |   - name: v0 <= u
 |     type: boolean
 |   - name: v0 <= b1
 |     type: boolean
 |   - name: v0 <= s1
 |     type: boolean
 |   - name: v0 <= v1
 |     type: boolean
 |   rows:
 |   - [null, null, null, null, null, null, null]
 |   - [null, null, null, null, null, null, null]
 | ...
SELECT v0 = i, v0 = a, v0 = d, v0 = u, v0 = b1, v0 = s1, v0 = v1 FROM t0, tn, tb, ts, tv;
 | ---
 | - metadata:
 |   - name: v0 = i
 |     type: boolean
 |   - name: v0 = a
 |     type: boolean
 |   - name: v0 = d
 |     type: boolean
 |   - name: v0 = u
 |     type: boolean
 |   - name: v0 = b1
 |     type: boolean
 |   - name: v0 = s1
 |     type: boolean
 |   - name: v0 = v1
 |     type: boolean
 |   rows:
 |   - [null, null, null, null, null, null, null]
 |   - [null, null, null, null, null, null, null]
 | ...
SELECT v0 != i, v0 != a, v0 != d, v0 != u, v0 != b1, v0 != s1, v0 != v1 FROM t0, tn, tb, ts, tv;
 | ---
 | - metadata:
 |   - name: v0 != i
 |     type: boolean
 |   - name: v0 != a
 |     type: boolean
 |   - name: v0 != d
 |     type: boolean
 |   - name: v0 != u
 |     type: boolean
 |   - name: v0 != b1
 |     type: boolean
 |   - name: v0 != s1
 |     type: boolean
 |   - name: v0 != v1
 |     type: boolean
 |   rows:
 |   - [null, null, null, null, null, null, null]
 |   - [null, null, null, null, null, null, null]
 | ...

SELECT i > v0, a > v0, d > v0, u > v0, b1 > v0, s1 > v0, v1 > v0 FROM t0, tn, tb, ts, tv;
 | ---
 | - metadata:
 |   - name: i > v0
 |     type: boolean
 |   - name: a > v0
 |     type: boolean
 |   - name: d > v0
 |     type: boolean
 |   - name: u > v0
 |     type: boolean
 |   - name: b1 > v0
 |     type: boolean
 |   - name: s1 > v0
 |     type: boolean
 |   - name: v1 > v0
 |     type: boolean
 |   rows:
 |   - [null, null, null, null, null, null, null]
 |   - [null, null, null, null, null, null, null]
 | ...
SELECT i < v0, a < v0, d < v0, u < v0, b1 < v0, s1 < v0, v1 < v0 FROM t0, tn, tb, ts, tv;
 | ---
 | - metadata:
 |   - name: i < v0
 |     type: boolean
 |   - name: a < v0
 |     type: boolean
 |   - name: d < v0
 |     type: boolean
 |   - name: u < v0
 |     type: boolean
 |   - name: b1 < v0
 |     type: boolean
 |   - name: s1 < v0
 |     type: boolean
 |   - name: v1 < v0
 |     type: boolean
 |   rows:
 |   - [null, null, null, null, null, null, null]
 |   - [null, null, null, null, null, null, null]
 | ...
SELECT i >= v0, a >= v0, d >= v0, u >= v0, b1 >= v0, s1 >= v0, v1 >= v0 FROM t0, tn, tb, ts, tv;
 | ---
 | - metadata:
 |   - name: i >= v0
 |     type: any
 |   - name: a >= v0
 |     type: any
 |   - name: d >= v0
 |     type: any
 |   - name: u >= v0
 |     type: any
 |   - name: b1 >= v0
 |     type: any
 |   - name: s1 >= v0
 |     type: any
 |   - name: v1 >= v0
 |     type: any
 |   rows:
 |   - [null, null, null, null, null, null, null]
 |   - [null, null, null, null, null, null, null]
 | ...
SELECT i <= v0, a <= v0, d <= v0, u <= v0, b1 <= v0, s1 <= v0, v1 <= v0 FROM t0, tn, tb, ts, tv;
 | ---
 | - metadata:
 |   - name: i <= v0
 |     type: boolean
 |   - name: a <= v0
 |     type: boolean
 |   - name: d <= v0
 |     type: boolean
 |   - name: u <= v0
 |     type: boolean
 |   - name: b1 <= v0
 |     type: boolean
 |   - name: s1 <= v0
 |     type: boolean
 |   - name: v1 <= v0
 |     type: boolean
 |   rows:
 |   - [null, null, null, null, null, null, null]
 |   - [null, null, null, null, null, null, null]
 | ...
SELECT i = v0, a = v0, d = v0, u = v0, b1 = v0, s1 = v0, v1 = v0 FROM t0, tn, tb, ts, tv;
 | ---
 | - metadata:
 |   - name: i = v0
 |     type: boolean
 |   - name: a = v0
 |     type: boolean
 |   - name: d = v0
 |     type: boolean
 |   - name: u = v0
 |     type: boolean
 |   - name: b1 = v0
 |     type: boolean
 |   - name: s1 = v0
 |     type: boolean
 |   - name: v1 = v0
 |     type: boolean
 |   rows:
 |   - [null, null, null, null, null, null, null]
 |   - [null, null, null, null, null, null, null]
 | ...
SELECT i != v0, a != v0, d != v0, u != v0, b1 != v0, s1 != v0, v1 != v0 FROM t0, tn, tb, ts, tv;
 | ---
 | - metadata:
 |   - name: i != v0
 |     type: boolean
 |   - name: a != v0
 |     type: boolean
 |   - name: d != v0
 |     type: boolean
 |   - name: u != v0
 |     type: boolean
 |   - name: b1 != v0
 |     type: boolean
 |   - name: s1 != v0
 |     type: boolean
 |   - name: v1 != v0
 |     type: boolean
 |   rows:
 |   - [null, null, null, null, null, null, null]
 |   - [null, null, null, null, null, null, null]
 | ...

SELECT sc0 > i, sc0 > a, sc0 > d, sc0 > u, sc0 > b1, sc0 > s1, sc0 > v1 FROM t0, tn, tb, ts, tv;
 | ---
 | - metadata:
 |   - name: sc0 > i
 |     type: boolean
 |   - name: sc0 > a
 |     type: boolean
 |   - name: sc0 > d
 |     type: boolean
 |   - name: sc0 > u
 |     type: boolean
 |   - name: sc0 > b1
 |     type: boolean
 |   - name: sc0 > s1
 |     type: boolean
 |   - name: sc0 > v1
 |     type: boolean
 |   rows:
 |   - [null, null, null, null, null, null, null]
 |   - [null, null, null, null, null, null, null]
 | ...
SELECT sc0 < i, sc0 < a, sc0 < d, sc0 < u, sc0 < b1, sc0 < s1, sc0 < v1 FROM t0, tn, tb, ts, tv;
 | ---
 | - metadata:
 |   - name: sc0 < i
 |     type: boolean
 |   - name: sc0 < a
 |     type: boolean
 |   - name: sc0 < d
 |     type: boolean
 |   - name: sc0 < u
 |     type: boolean
 |   - name: sc0 < b1
 |     type: boolean
 |   - name: sc0 < s1
 |     type: boolean
 |   - name: sc0 < v1
 |     type: boolean
 |   rows:
 |   - [null, null, null, null, null, null, null]
 |   - [null, null, null, null, null, null, null]
 | ...
SELECT sc0 >= i, sc0 >= a, sc0 >= d, sc0 >= u, sc0 >= b1, sc0 >= s1, sc0 >= v1 FROM t0, tn, tb, ts, tv;
 | ---
 | - metadata:
 |   - name: sc0 >= i
 |     type: any
 |   - name: sc0 >= a
 |     type: any
 |   - name: sc0 >= d
 |     type: any
 |   - name: sc0 >= u
 |     type: any
 |   - name: sc0 >= b1
 |     type: any
 |   - name: sc0 >= s1
 |     type: any
 |   - name: sc0 >= v1
 |     type: any
 |   rows:
 |   - [null, null, null, null, null, null, null]
 |   - [null, null, null, null, null, null, null]
 | ...
SELECT sc0 <= i, sc0 <= a, sc0 <= d, sc0 <= u, sc0 <= b1, sc0 <= s1, sc0 <= v1 FROM t0, tn, tb, ts, tv;
 | ---
 | - metadata:
 |   - name: sc0 <= i
 |     type: boolean
 |   - name: sc0 <= a
 |     type: boolean
 |   - name: sc0 <= d
 |     type: boolean
 |   - name: sc0 <= u
 |     type: boolean
 |   - name: sc0 <= b1
 |     type: boolean
 |   - name: sc0 <= s1
 |     type: boolean
 |   - name: sc0 <= v1
 |     type: boolean
 |   rows:
 |   - [null, null, null, null, null, null, null]
 |   - [null, null, null, null, null, null, null]
 | ...
SELECT sc0 = i, sc0 = a, sc0 = d, sc0 = u, sc0 = b1, sc0 = s1, sc0 = v1 FROM t0, tn, tb, ts, tv;
 | ---
 | - metadata:
 |   - name: sc0 = i
 |     type: boolean
 |   - name: sc0 = a
 |     type: boolean
 |   - name: sc0 = d
 |     type: boolean
 |   - name: sc0 = u
 |     type: boolean
 |   - name: sc0 = b1
 |     type: boolean
 |   - name: sc0 = s1
 |     type: boolean
 |   - name: sc0 = v1
 |     type: boolean
 |   rows:
 |   - [null, null, null, null, null, null, null]
 |   - [null, null, null, null, null, null, null]
 | ...
SELECT sc0 != i, sc0 != a, sc0 != d, sc0 != u, sc0 != b1, sc0 != s1, sc0 != v1 FROM t0, tn, tb, ts, tv;
 | ---
 | - metadata:
 |   - name: sc0 != i
 |     type: boolean
 |   - name: sc0 != a
 |     type: boolean
 |   - name: sc0 != d
 |     type: boolean
 |   - name: sc0 != u
 |     type: boolean
 |   - name: sc0 != b1
 |     type: boolean
 |   - name: sc0 != s1
 |     type: boolean
 |   - name: sc0 != v1
 |     type: boolean
 |   rows:
 |   - [null, null, null, null, null, null, null]
 |   - [null, null, null, null, null, null, null]
 | ...

SELECT i > sc0, a > sc0, d > sc0, u > sc0, b1 > sc0, s1 > sc0, v1 > sc0 FROM t0, tn, tb, ts, tv;
 | ---
 | - metadata:
 |   - name: i > sc0
 |     type: boolean
 |   - name: a > sc0
 |     type: boolean
 |   - name: d > sc0
 |     type: boolean
 |   - name: u > sc0
 |     type: boolean
 |   - name: b1 > sc0
 |     type: boolean
 |   - name: s1 > sc0
 |     type: boolean
 |   - name: v1 > sc0
 |     type: boolean
 |   rows:
 |   - [null, null, null, null, null, null, null]
 |   - [null, null, null, null, null, null, null]
 | ...
SELECT i < sc0, a < sc0, d < sc0, u < sc0, b1 < sc0, s1 < sc0, v1 < sc0 FROM t0, tn, tb, ts, tv;
 | ---
 | - metadata:
 |   - name: i < sc0
 |     type: boolean
 |   - name: a < sc0
 |     type: boolean
 |   - name: d < sc0
 |     type: boolean
 |   - name: u < sc0
 |     type: boolean
 |   - name: b1 < sc0
 |     type: boolean
 |   - name: s1 < sc0
 |     type: boolean
 |   - name: v1 < sc0
 |     type: boolean
 |   rows:
 |   - [null, null, null, null, null, null, null]
 |   - [null, null, null, null, null, null, null]
 | ...
SELECT i >= sc0, a >= sc0, d >= sc0, u >= sc0, b1 >= sc0, s1 >= sc0, v1 >= sc0 FROM t0, tn, tb, ts, tv;
 | ---
 | - metadata:
 |   - name: i >= sc0
 |     type: any
 |   - name: a >= sc0
 |     type: any
 |   - name: d >= sc0
 |     type: any
 |   - name: u >= sc0
 |     type: any
 |   - name: b1 >= sc0
 |     type: any
 |   - name: s1 >= sc0
 |     type: any
 |   - name: v1 >= sc0
 |     type: any
 |   rows:
 |   - [null, null, null, null, null, null, null]
 |   - [null, null, null, null, null, null, null]
 | ...
SELECT i <= sc0, a <= sc0, d <= sc0, u <= sc0, b1 <= sc0, s1 <= sc0, v1 <= sc0 FROM t0, tn, tb, ts, tv;
 | ---
 | - metadata:
 |   - name: i <= sc0
 |     type: boolean
 |   - name: a <= sc0
 |     type: boolean
 |   - name: d <= sc0
 |     type: boolean
 |   - name: u <= sc0
 |     type: boolean
 |   - name: b1 <= sc0
 |     type: boolean
 |   - name: s1 <= sc0
 |     type: boolean
 |   - name: v1 <= sc0
 |     type: boolean
 |   rows:
 |   - [null, null, null, null, null, null, null]
 |   - [null, null, null, null, null, null, null]
 | ...
SELECT i = sc0, a = sc0, d = sc0, u = sc0, b1 = sc0, s1 = sc0, v1 = sc0 FROM t0, tn, tb, ts, tv;
 | ---
 | - metadata:
 |   - name: i = sc0
 |     type: boolean
 |   - name: a = sc0
 |     type: boolean
 |   - name: d = sc0
 |     type: boolean
 |   - name: u = sc0
 |     type: boolean
 |   - name: b1 = sc0
 |     type: boolean
 |   - name: s1 = sc0
 |     type: boolean
 |   - name: v1 = sc0
 |     type: boolean
 |   rows:
 |   - [null, null, null, null, null, null, null]
 |   - [null, null, null, null, null, null, null]
 | ...
SELECT i != sc0, a != sc0, d != sc0, u != sc0, b1 != sc0, s1 != sc0, v1 != sc0 FROM t0, tn, tb, ts, tv;
 | ---
 | - metadata:
 |   - name: i != sc0
 |     type: boolean
 |   - name: a != sc0
 |     type: boolean
 |   - name: d != sc0
 |     type: boolean
 |   - name: u != sc0
 |     type: boolean
 |   - name: b1 != sc0
 |     type: boolean
 |   - name: s1 != sc0
 |     type: boolean
 |   - name: v1 != sc0
 |     type: boolean
 |   rows:
 |   - [null, null, null, null, null, null, null]
 |   - [null, null, null, null, null, null, null]
 | ...

-- Make sure that numbers cannot be compared with BOOLEAN values.
SELECT 3 > true;
 | ---
 | - null
 | - 'Type mismatch: can not convert boolean to unsigned'
 | ...
SELECT 3 < true;
 | ---
 | - null
 | - 'Type mismatch: can not convert boolean to unsigned'
 | ...
SELECT 3 >= true;
 | ---
 | - null
 | - 'Type mismatch: can not convert boolean to unsigned'
 | ...
SELECT 3 <= true;
 | ---
 | - null
 | - 'Type mismatch: can not convert boolean to unsigned'
 | ...
SELECT 3 = true;
 | ---
 | - null
 | - 'Type mismatch: can not convert boolean to unsigned'
 | ...
SELECT 3 != true;
 | ---
 | - null
 | - 'Type mismatch: can not convert boolean to unsigned'
 | ...

SELECT true > 4;
 | ---
 | - null
 | - 'Type mismatch: can not convert unsigned to boolean'
 | ...
SELECT true < 4;
 | ---
 | - null
 | - 'Type mismatch: can not convert unsigned to boolean'
 | ...
SELECT true >= 4;
 | ---
 | - null
 | - 'Type mismatch: can not convert unsigned to boolean'
 | ...
SELECT true <= 4;
 | ---
 | - null
 | - 'Type mismatch: can not convert unsigned to boolean'
 | ...
SELECT true = 4;
 | ---
 | - null
 | - 'Type mismatch: can not convert unsigned to boolean'
 | ...
SELECT true != 4;
 | ---
 | - null
 | - 'Type mismatch: can not convert unsigned to boolean'
 | ...

SELECT 3.5 > true;
 | ---
 | - null
 | - 'Type mismatch: can not convert boolean to real'
 | ...
SELECT 3.5 < true;
 | ---
 | - null
 | - 'Type mismatch: can not convert boolean to real'
 | ...
SELECT 3.5 >= true;
 | ---
 | - null
 | - 'Type mismatch: can not convert boolean to real'
 | ...
SELECT 3.5 <= true;
 | ---
 | - null
 | - 'Type mismatch: can not convert boolean to real'
 | ...
SELECT 3.5 = true;
 | ---
 | - null
 | - 'Type mismatch: can not convert boolean to real'
 | ...
SELECT 3.5 != true;
 | ---
 | - null
 | - 'Type mismatch: can not convert boolean to real'
 | ...

SELECT true > 0.5;
 | ---
 | - null
 | - 'Type mismatch: can not convert real to boolean'
 | ...
SELECT true < 0.5;
 | ---
 | - null
 | - 'Type mismatch: can not convert real to boolean'
 | ...
SELECT true >= 0.5;
 | ---
 | - null
 | - 'Type mismatch: can not convert real to boolean'
 | ...
SELECT true <= 0.5;
 | ---
 | - null
 | - 'Type mismatch: can not convert real to boolean'
 | ...
SELECT true = 0.5;
 | ---
 | - null
 | - 'Type mismatch: can not convert real to boolean'
 | ...
SELECT true != 0.5;
 | ---
 | - null
 | - 'Type mismatch: can not convert real to boolean'
 | ...

SELECT i > true FROM tn;
 | ---
 | - null
 | - 'Type mismatch: can not convert boolean to unsigned'
 | ...
SELECT i < true FROM tn;
 | ---
 | - null
 | - 'Type mismatch: can not convert boolean to unsigned'
 | ...
SELECT i >= true FROM tn;
 | ---
 | - null
 | - 'Type mismatch: can not convert boolean to unsigned'
 | ...
SELECT i <= true FROM tn;
 | ---
 | - null
 | - 'Type mismatch: can not convert boolean to unsigned'
 | ...
SELECT i = true FROM tn;
 | ---
 | - null
 | - 'Type mismatch: can not convert boolean to unsigned'
 | ...
SELECT i != true FROM tn;
 | ---
 | - null
 | - 'Type mismatch: can not convert boolean to unsigned'
 | ...

SELECT true > i FROM tn;
 | ---
 | - null
 | - 'Type mismatch: can not convert unsigned to boolean'
 | ...
SELECT true < i FROM tn;
 | ---
 | - null
 | - 'Type mismatch: can not convert unsigned to boolean'
 | ...
SELECT true >= i FROM tn;
 | ---
 | - null
 | - 'Type mismatch: can not convert unsigned to boolean'
 | ...
SELECT true <= i FROM tn;
 | ---
 | - null
 | - 'Type mismatch: can not convert unsigned to boolean'
 | ...
SELECT true = i FROM tn;
 | ---
 | - null
 | - 'Type mismatch: can not convert unsigned to boolean'
 | ...
SELECT true != i FROM tn;
 | ---
 | - null
 | - 'Type mismatch: can not convert unsigned to boolean'
 | ...

SELECT a > true FROM tn;
 | ---
 | - null
 | - 'Type mismatch: can not convert boolean to unsigned'
 | ...
SELECT a < true FROM tn;
 | ---
 | - null
 | - 'Type mismatch: can not convert boolean to unsigned'
 | ...
SELECT a >= true FROM tn;
 | ---
 | - null
 | - 'Type mismatch: can not convert boolean to unsigned'
 | ...
SELECT a <= true FROM tn;
 | ---
 | - null
 | - 'Type mismatch: can not convert boolean to unsigned'
 | ...
SELECT a = true FROM tn;
 | ---
 | - null
 | - 'Type mismatch: can not convert boolean to unsigned'
 | ...
SELECT a != true FROM tn;
 | ---
 | - null
 | - 'Type mismatch: can not convert boolean to unsigned'
 | ...

SELECT true > a FROM tn;
 | ---
 | - null
 | - 'Type mismatch: can not convert unsigned to boolean'
 | ...
SELECT true < a FROM tn;
 | ---
 | - null
 | - 'Type mismatch: can not convert unsigned to boolean'
 | ...
SELECT true >= a FROM tn;
 | ---
 | - null
 | - 'Type mismatch: can not convert unsigned to boolean'
 | ...
SELECT true <= a FROM tn;
 | ---
 | - null
 | - 'Type mismatch: can not convert unsigned to boolean'
 | ...
SELECT true = a FROM tn;
 | ---
 | - null
 | - 'Type mismatch: can not convert unsigned to boolean'
 | ...
SELECT true != a FROM tn;
 | ---
 | - null
 | - 'Type mismatch: can not convert unsigned to boolean'
 | ...

SELECT d > true FROM tn;
 | ---
 | - null
 | - 'Type mismatch: can not convert boolean to real'
 | ...
SELECT d < true FROM tn;
 | ---
 | - null
 | - 'Type mismatch: can not convert boolean to real'
 | ...
SELECT d >= true FROM tn;
 | ---
 | - null
 | - 'Type mismatch: can not convert boolean to real'
 | ...
SELECT d <= true FROM tn;
 | ---
 | - null
 | - 'Type mismatch: can not convert boolean to real'
 | ...
SELECT d = true FROM tn;
 | ---
 | - null
 | - 'Type mismatch: can not convert boolean to real'
 | ...
SELECT d != true FROM tn;
 | ---
 | - null
 | - 'Type mismatch: can not convert boolean to real'
 | ...

SELECT true > d FROM tn;
 | ---
 | - null
 | - 'Type mismatch: can not convert real to boolean'
 | ...
SELECT true < d FROM tn;
 | ---
 | - null
 | - 'Type mismatch: can not convert real to boolean'
 | ...
SELECT true >= d FROM tn;
 | ---
 | - null
 | - 'Type mismatch: can not convert real to boolean'
 | ...
SELECT true <= d FROM tn;
 | ---
 | - null
 | - 'Type mismatch: can not convert real to boolean'
 | ...
SELECT true = d FROM tn;
 | ---
 | - null
 | - 'Type mismatch: can not convert real to boolean'
 | ...
SELECT true != d FROM tn;
 | ---
 | - null
 | - 'Type mismatch: can not convert real to boolean'
 | ...

SELECT u > true FROM tn;
 | ---
 | - null
 | - 'Type mismatch: can not convert boolean to unsigned'
 | ...
SELECT u < true FROM tn;
 | ---
 | - null
 | - 'Type mismatch: can not convert boolean to unsigned'
 | ...
SELECT u >= true FROM tn;
 | ---
 | - null
 | - 'Type mismatch: can not convert boolean to unsigned'
 | ...
SELECT u <= true FROM tn;
 | ---
 | - null
 | - 'Type mismatch: can not convert boolean to unsigned'
 | ...
SELECT u = true FROM tn;
 | ---
 | - null
 | - 'Type mismatch: can not convert boolean to unsigned'
 | ...
SELECT u != true FROM tn;
 | ---
 | - null
 | - 'Type mismatch: can not convert boolean to unsigned'
 | ...

SELECT true > u FROM tn;
 | ---
 | - null
 | - 'Type mismatch: can not convert unsigned to boolean'
 | ...
SELECT true < u FROM tn;
 | ---
 | - null
 | - 'Type mismatch: can not convert unsigned to boolean'
 | ...
SELECT true >= u FROM tn;
 | ---
 | - null
 | - 'Type mismatch: can not convert unsigned to boolean'
 | ...
SELECT true <= u FROM tn;
 | ---
 | - null
 | - 'Type mismatch: can not convert unsigned to boolean'
 | ...
SELECT true = u FROM tn;
 | ---
 | - null
 | - 'Type mismatch: can not convert unsigned to boolean'
 | ...
SELECT true != u FROM tn;
 | ---
 | - null
 | - 'Type mismatch: can not convert unsigned to boolean'
 | ...

SELECT 3 > b1 FROM tb;
 | ---
 | - null
 | - 'Type mismatch: can not convert boolean to unsigned'
 | ...
SELECT 3 < b1 FROM tb;
 | ---
 | - null
 | - 'Type mismatch: can not convert boolean to unsigned'
 | ...
SELECT 3 >= b1 FROM tb;
 | ---
 | - null
 | - 'Type mismatch: can not convert boolean to unsigned'
 | ...
SELECT 3 <= b1 FROM tb;
 | ---
 | - null
 | - 'Type mismatch: can not convert boolean to unsigned'
 | ...
SELECT 3 = b1 FROM tb;
 | ---
 | - null
 | - 'Type mismatch: can not convert boolean to unsigned'
 | ...
SELECT 3 != b1 FROM tb;
 | ---
 | - null
 | - 'Type mismatch: can not convert boolean to unsigned'
 | ...

SELECT b1 > 4 FROM tb;
 | ---
 | - null
 | - 'Type mismatch: can not convert unsigned to boolean'
 | ...
SELECT b1 < 4 FROM tb;
 | ---
 | - null
 | - 'Type mismatch: can not convert unsigned to boolean'
 | ...
SELECT b1 >= 4 FROM tb;
 | ---
 | - null
 | - 'Type mismatch: can not convert unsigned to boolean'
 | ...
SELECT b1 <= 4 FROM tb;
 | ---
 | - null
 | - 'Type mismatch: can not convert unsigned to boolean'
 | ...
SELECT b1 = 4 FROM tb;
 | ---
 | - null
 | - 'Type mismatch: can not convert unsigned to boolean'
 | ...
SELECT b1 != 4 FROM tb;
 | ---
 | - null
 | - 'Type mismatch: can not convert unsigned to boolean'
 | ...

SELECT 3.5 > b1 FROM tb;
 | ---
 | - null
 | - 'Type mismatch: can not convert boolean to real'
 | ...
SELECT 3.5 < b1 FROM tb;
 | ---
 | - null
 | - 'Type mismatch: can not convert boolean to real'
 | ...
SELECT 3.5 >= b1 FROM tb;
 | ---
 | - null
 | - 'Type mismatch: can not convert boolean to real'
 | ...
SELECT 3.5 <= b1 FROM tb;
 | ---
 | - null
 | - 'Type mismatch: can not convert boolean to real'
 | ...
SELECT 3.5 = b1 FROM tb;
 | ---
 | - null
 | - 'Type mismatch: can not convert boolean to real'
 | ...
SELECT 3.5 != b1 FROM tb;
 | ---
 | - null
 | - 'Type mismatch: can not convert boolean to real'
 | ...

SELECT b1 > 0.5 FROM tb;
 | ---
 | - null
 | - 'Type mismatch: can not convert real to boolean'
 | ...
SELECT b1 < 0.5 FROM tb;
 | ---
 | - null
 | - 'Type mismatch: can not convert real to boolean'
 | ...
SELECT b1 >= 0.5 FROM tb;
 | ---
 | - null
 | - 'Type mismatch: can not convert real to boolean'
 | ...
SELECT b1 <= 0.5 FROM tb;
 | ---
 | - null
 | - 'Type mismatch: can not convert real to boolean'
 | ...
SELECT b1 = 0.5 FROM tb;
 | ---
 | - null
 | - 'Type mismatch: can not convert real to boolean'
 | ...
SELECT b1 != 0.5 FROM tb;
 | ---
 | - null
 | - 'Type mismatch: can not convert real to boolean'
 | ...

SELECT i > b1 FROM tn, tb;
 | ---
 | - null
 | - 'Type mismatch: can not convert boolean to unsigned'
 | ...
SELECT i < b1 FROM tn, tb;
 | ---
 | - null
 | - 'Type mismatch: can not convert boolean to unsigned'
 | ...
SELECT i >= b1 FROM tn, tb;
 | ---
 | - null
 | - 'Type mismatch: can not convert boolean to unsigned'
 | ...
SELECT i <= b1 FROM tn, tb;
 | ---
 | - null
 | - 'Type mismatch: can not convert boolean to unsigned'
 | ...
SELECT i = b1 FROM tn, tb;
 | ---
 | - null
 | - 'Type mismatch: can not convert boolean to unsigned'
 | ...
SELECT i != b1 FROM tn, tb;
 | ---
 | - null
 | - 'Type mismatch: can not convert boolean to unsigned'
 | ...

SELECT b1 > i FROM tn, tb;
 | ---
 | - null
 | - 'Type mismatch: can not convert unsigned to boolean'
 | ...
SELECT b1 < i FROM tn, tb;
 | ---
 | - null
 | - 'Type mismatch: can not convert unsigned to boolean'
 | ...
SELECT b1 >= i FROM tn, tb;
 | ---
 | - null
 | - 'Type mismatch: can not convert unsigned to boolean'
 | ...
SELECT b1 <= i FROM tn, tb;
 | ---
 | - null
 | - 'Type mismatch: can not convert unsigned to boolean'
 | ...
SELECT b1 = i FROM tn, tb;
 | ---
 | - null
 | - 'Type mismatch: can not convert unsigned to boolean'
 | ...
SELECT b1 != i FROM tn, tb;
 | ---
 | - null
 | - 'Type mismatch: can not convert unsigned to boolean'
 | ...

SELECT a > b1 FROM tn, tb;
 | ---
 | - null
 | - 'Type mismatch: can not convert boolean to unsigned'
 | ...
SELECT a < b1 FROM tn, tb;
 | ---
 | - null
 | - 'Type mismatch: can not convert boolean to unsigned'
 | ...
SELECT a >= b1 FROM tn, tb;
 | ---
 | - null
 | - 'Type mismatch: can not convert boolean to unsigned'
 | ...
SELECT a <= b1 FROM tn, tb;
 | ---
 | - null
 | - 'Type mismatch: can not convert boolean to unsigned'
 | ...
SELECT a = b1 FROM tn, tb;
 | ---
 | - null
 | - 'Type mismatch: can not convert boolean to unsigned'
 | ...
SELECT a != b1 FROM tn, tb;
 | ---
 | - null
 | - 'Type mismatch: can not convert boolean to unsigned'
 | ...

SELECT b1 > a FROM tn, tb;
 | ---
 | - null
 | - 'Type mismatch: can not convert unsigned to boolean'
 | ...
SELECT b1 < a FROM tn, tb;
 | ---
 | - null
 | - 'Type mismatch: can not convert unsigned to boolean'
 | ...
SELECT b1 >= a FROM tn, tb;
 | ---
 | - null
 | - 'Type mismatch: can not convert unsigned to boolean'
 | ...
SELECT b1 <= a FROM tn, tb;
 | ---
 | - null
 | - 'Type mismatch: can not convert unsigned to boolean'
 | ...
SELECT b1 = a FROM tn, tb;
 | ---
 | - null
 | - 'Type mismatch: can not convert unsigned to boolean'
 | ...
SELECT b1 != a FROM tn, tb;
 | ---
 | - null
 | - 'Type mismatch: can not convert unsigned to boolean'
 | ...

SELECT d > b1 FROM tn, tb;
 | ---
 | - null
 | - 'Type mismatch: can not convert boolean to real'
 | ...
SELECT d < b1 FROM tn, tb;
 | ---
 | - null
 | - 'Type mismatch: can not convert boolean to real'
 | ...
SELECT d >= b1 FROM tn, tb;
 | ---
 | - null
 | - 'Type mismatch: can not convert boolean to real'
 | ...
SELECT d <= b1 FROM tn, tb;
 | ---
 | - null
 | - 'Type mismatch: can not convert boolean to real'
 | ...
SELECT d = b1 FROM tn, tb;
 | ---
 | - null
 | - 'Type mismatch: can not convert boolean to real'
 | ...
SELECT d != b1 FROM tn, tb;
 | ---
 | - null
 | - 'Type mismatch: can not convert boolean to real'
 | ...

SELECT b1 > d FROM tn, tb;
 | ---
 | - null
 | - 'Type mismatch: can not convert real to boolean'
 | ...
SELECT b1 < d FROM tn, tb;
 | ---
 | - null
 | - 'Type mismatch: can not convert real to boolean'
 | ...
SELECT b1 >= d FROM tn, tb;
 | ---
 | - null
 | - 'Type mismatch: can not convert real to boolean'
 | ...
SELECT b1 <= d FROM tn, tb;
 | ---
 | - null
 | - 'Type mismatch: can not convert real to boolean'
 | ...
SELECT b1 = d FROM tn, tb;
 | ---
 | - null
 | - 'Type mismatch: can not convert real to boolean'
 | ...
SELECT b1 != d FROM tn, tb;
 | ---
 | - null
 | - 'Type mismatch: can not convert real to boolean'
 | ...

SELECT u > b1 FROM tn, tb;
 | ---
 | - null
 | - 'Type mismatch: can not convert boolean to unsigned'
 | ...
SELECT u < b1 FROM tn, tb;
 | ---
 | - null
 | - 'Type mismatch: can not convert boolean to unsigned'
 | ...
SELECT u >= b1 FROM tn, tb;
 | ---
 | - null
 | - 'Type mismatch: can not convert boolean to unsigned'
 | ...
SELECT u <= b1 FROM tn, tb;
 | ---
 | - null
 | - 'Type mismatch: can not convert boolean to unsigned'
 | ...
SELECT u = b1 FROM tn, tb;
 | ---
 | - null
 | - 'Type mismatch: can not convert boolean to unsigned'
 | ...
SELECT u != b1 FROM tn, tb;
 | ---
 | - null
 | - 'Type mismatch: can not convert boolean to unsigned'
 | ...

SELECT b1 > u FROM tn, tb;
 | ---
 | - null
 | - 'Type mismatch: can not convert unsigned to boolean'
 | ...
SELECT b1 < u FROM tn, tb;
 | ---
 | - null
 | - 'Type mismatch: can not convert unsigned to boolean'
 | ...
SELECT b1 >= u FROM tn, tb;
 | ---
 | - null
 | - 'Type mismatch: can not convert unsigned to boolean'
 | ...
SELECT b1 <= u FROM tn, tb;
 | ---
 | - null
 | - 'Type mismatch: can not convert unsigned to boolean'
 | ...
SELECT b1 = u FROM tn, tb;
 | ---
 | - null
 | - 'Type mismatch: can not convert unsigned to boolean'
 | ...
SELECT b1 != u FROM tn, tb;
 | ---
 | - null
 | - 'Type mismatch: can not convert unsigned to boolean'
 | ...

-- Make sure that numbers cannot be compared with STRING values.
SELECT 3 > '123';
 | ---
 | - null
 | - 'Type mismatch: can not convert text to unsigned'
 | ...
SELECT 3 < '123';
 | ---
 | - null
 | - 'Type mismatch: can not convert text to unsigned'
 | ...
SELECT 3 >= '123';
 | ---
 | - null
 | - 'Type mismatch: can not convert text to unsigned'
 | ...
SELECT 3 <= '123';
 | ---
 | - null
 | - 'Type mismatch: can not convert text to unsigned'
 | ...
SELECT 3 = '123';
 | ---
 | - null
 | - 'Type mismatch: can not convert text to unsigned'
 | ...
SELECT 3 != '123';
 | ---
 | - null
 | - 'Type mismatch: can not convert text to unsigned'
 | ...

SELECT '123' > 4;
 | ---
 | - null
 | - 'Type mismatch: can not convert unsigned to text'
 | ...
SELECT '123' < 4;
 | ---
 | - null
 | - 'Type mismatch: can not convert unsigned to text'
 | ...
SELECT '123' >= 4;
 | ---
 | - null
 | - 'Type mismatch: can not convert unsigned to text'
 | ...
SELECT '123' <= 4;
 | ---
 | - null
 | - 'Type mismatch: can not convert unsigned to text'
 | ...
SELECT '123' = 4;
 | ---
 | - null
 | - 'Type mismatch: can not convert unsigned to text'
 | ...
SELECT '123' != 4;
 | ---
 | - null
 | - 'Type mismatch: can not convert unsigned to text'
 | ...

SELECT 3.5 > '123';
 | ---
 | - null
 | - 'Type mismatch: can not convert text to real'
 | ...
SELECT 3.5 < '123';
 | ---
 | - null
 | - 'Type mismatch: can not convert text to real'
 | ...
SELECT 3.5 >= '123';
 | ---
 | - null
 | - 'Type mismatch: can not convert text to real'
 | ...
SELECT 3.5 <= '123';
 | ---
 | - null
 | - 'Type mismatch: can not convert text to real'
 | ...
SELECT 3.5 = '123';
 | ---
 | - null
 | - 'Type mismatch: can not convert text to real'
 | ...
SELECT 3.5 != '123';
 | ---
 | - null
 | - 'Type mismatch: can not convert text to real'
 | ...

SELECT '123' > 0.5;
 | ---
 | - null
 | - 'Type mismatch: can not convert real to text'
 | ...
SELECT '123' < 0.5;
 | ---
 | - null
 | - 'Type mismatch: can not convert real to text'
 | ...
SELECT '123' >= 0.5;
 | ---
 | - null
 | - 'Type mismatch: can not convert real to text'
 | ...
SELECT '123' <= 0.5;
 | ---
 | - null
 | - 'Type mismatch: can not convert real to text'
 | ...
SELECT '123' = 0.5;
 | ---
 | - null
 | - 'Type mismatch: can not convert real to text'
 | ...
SELECT '123' != 0.5;
 | ---
 | - null
 | - 'Type mismatch: can not convert real to text'
 | ...

SELECT i > '123' FROM tn;
 | ---
 | - null
 | - 'Type mismatch: can not convert text to unsigned'
 | ...
SELECT i < '123' FROM tn;
 | ---
 | - null
 | - 'Type mismatch: can not convert text to unsigned'
 | ...
SELECT i >= '123' FROM tn;
 | ---
 | - null
 | - 'Type mismatch: can not convert text to unsigned'
 | ...
SELECT i <= '123' FROM tn;
 | ---
 | - null
 | - 'Type mismatch: can not convert text to unsigned'
 | ...
SELECT i = '123' FROM tn;
 | ---
 | - null
 | - 'Type mismatch: can not convert text to unsigned'
 | ...
SELECT i != '123' FROM tn;
 | ---
 | - null
 | - 'Type mismatch: can not convert text to unsigned'
 | ...

SELECT '123' > i FROM tn;
 | ---
 | - null
 | - 'Type mismatch: can not convert unsigned to text'
 | ...
SELECT '123' < i FROM tn;
 | ---
 | - null
 | - 'Type mismatch: can not convert unsigned to text'
 | ...
SELECT '123' >= i FROM tn;
 | ---
 | - null
 | - 'Type mismatch: can not convert unsigned to text'
 | ...
SELECT '123' <= i FROM tn;
 | ---
 | - null
 | - 'Type mismatch: can not convert unsigned to text'
 | ...
SELECT '123' = i FROM tn;
 | ---
 | - null
 | - 'Type mismatch: can not convert unsigned to text'
 | ...
SELECT '123' != i FROM tn;
 | ---
 | - null
 | - 'Type mismatch: can not convert unsigned to text'
 | ...

SELECT a > '123' FROM tn;
 | ---
 | - null
 | - 'Type mismatch: can not convert text to unsigned'
 | ...
SELECT a < '123' FROM tn;
 | ---
 | - null
 | - 'Type mismatch: can not convert text to unsigned'
 | ...
SELECT a >= '123' FROM tn;
 | ---
 | - null
 | - 'Type mismatch: can not convert text to unsigned'
 | ...
SELECT a <= '123' FROM tn;
 | ---
 | - null
 | - 'Type mismatch: can not convert text to unsigned'
 | ...
SELECT a = '123' FROM tn;
 | ---
 | - null
 | - 'Type mismatch: can not convert text to unsigned'
 | ...
SELECT a != '123' FROM tn;
 | ---
 | - null
 | - 'Type mismatch: can not convert text to unsigned'
 | ...

SELECT '123' > a FROM tn;
 | ---
 | - null
 | - 'Type mismatch: can not convert unsigned to text'
 | ...
SELECT '123' < a FROM tn;
 | ---
 | - null
 | - 'Type mismatch: can not convert unsigned to text'
 | ...
SELECT '123' >= a FROM tn;
 | ---
 | - null
 | - 'Type mismatch: can not convert unsigned to text'
 | ...
SELECT '123' <= a FROM tn;
 | ---
 | - null
 | - 'Type mismatch: can not convert unsigned to text'
 | ...
SELECT '123' = a FROM tn;
 | ---
 | - null
 | - 'Type mismatch: can not convert unsigned to text'
 | ...
SELECT '123' != a FROM tn;
 | ---
 | - null
 | - 'Type mismatch: can not convert unsigned to text'
 | ...

SELECT d > '123' FROM tn;
 | ---
 | - null
 | - 'Type mismatch: can not convert text to real'
 | ...
SELECT d < '123' FROM tn;
 | ---
 | - null
 | - 'Type mismatch: can not convert text to real'
 | ...
SELECT d >= '123' FROM tn;
 | ---
 | - null
 | - 'Type mismatch: can not convert text to real'
 | ...
SELECT d <= '123' FROM tn;
 | ---
 | - null
 | - 'Type mismatch: can not convert text to real'
 | ...
SELECT d = '123' FROM tn;
 | ---
 | - null
 | - 'Type mismatch: can not convert text to real'
 | ...
SELECT d != '123' FROM tn;
 | ---
 | - null
 | - 'Type mismatch: can not convert text to real'
 | ...

SELECT '123' > d FROM tn;
 | ---
 | - null
 | - 'Type mismatch: can not convert real to text'
 | ...
SELECT '123' < d FROM tn;
 | ---
 | - null
 | - 'Type mismatch: can not convert real to text'
 | ...
SELECT '123' >= d FROM tn;
 | ---
 | - null
 | - 'Type mismatch: can not convert real to text'
 | ...
SELECT '123' <= d FROM tn;
 | ---
 | - null
 | - 'Type mismatch: can not convert real to text'
 | ...
SELECT '123' = d FROM tn;
 | ---
 | - null
 | - 'Type mismatch: can not convert real to text'
 | ...
SELECT '123' != d FROM tn;
 | ---
 | - null
 | - 'Type mismatch: can not convert real to text'
 | ...

SELECT u > '123' FROM tn;
 | ---
 | - null
 | - 'Type mismatch: can not convert text to unsigned'
 | ...
SELECT u < '123' FROM tn;
 | ---
 | - null
 | - 'Type mismatch: can not convert text to unsigned'
 | ...
SELECT u >= '123' FROM tn;
 | ---
 | - null
 | - 'Type mismatch: can not convert text to unsigned'
 | ...
SELECT u <= '123' FROM tn;
 | ---
 | - null
 | - 'Type mismatch: can not convert text to unsigned'
 | ...
SELECT u = '123' FROM tn;
 | ---
 | - null
 | - 'Type mismatch: can not convert text to unsigned'
 | ...
SELECT u != '123' FROM tn;
 | ---
 | - null
 | - 'Type mismatch: can not convert text to unsigned'
 | ...

SELECT '123' > u FROM tn;
 | ---
 | - null
 | - 'Type mismatch: can not convert unsigned to text'
 | ...
SELECT '123' < u FROM tn;
 | ---
 | - null
 | - 'Type mismatch: can not convert unsigned to text'
 | ...
SELECT '123' >= u FROM tn;
 | ---
 | - null
 | - 'Type mismatch: can not convert unsigned to text'
 | ...
SELECT '123' <= u FROM tn;
 | ---
 | - null
 | - 'Type mismatch: can not convert unsigned to text'
 | ...
SELECT '123' = u FROM tn;
 | ---
 | - null
 | - 'Type mismatch: can not convert unsigned to text'
 | ...
SELECT '123' != u FROM tn;
 | ---
 | - null
 | - 'Type mismatch: can not convert unsigned to text'
 | ...

SELECT 3 > s1 FROM ts;
 | ---
 | - null
 | - 'Type mismatch: can not convert text to unsigned'
 | ...
SELECT 3 < s1 FROM ts;
 | ---
 | - null
 | - 'Type mismatch: can not convert text to unsigned'
 | ...
SELECT 3 >= s1 FROM ts;
 | ---
 | - null
 | - 'Type mismatch: can not convert text to unsigned'
 | ...
SELECT 3 <= s1 FROM ts;
 | ---
 | - null
 | - 'Type mismatch: can not convert text to unsigned'
 | ...
SELECT 3 = s1 FROM ts;
 | ---
 | - null
 | - 'Type mismatch: can not convert text to unsigned'
 | ...
SELECT 3 != s1 FROM ts;
 | ---
 | - null
 | - 'Type mismatch: can not convert text to unsigned'
 | ...

SELECT s1 > 4 FROM ts;
 | ---
 | - null
 | - 'Type mismatch: can not convert unsigned to text'
 | ...
SELECT s1 < 4 FROM ts;
 | ---
 | - null
 | - 'Type mismatch: can not convert unsigned to text'
 | ...
SELECT s1 >= 4 FROM ts;
 | ---
 | - null
 | - 'Type mismatch: can not convert unsigned to text'
 | ...
SELECT s1 <= 4 FROM ts;
 | ---
 | - null
 | - 'Type mismatch: can not convert unsigned to text'
 | ...
SELECT s1 = 4 FROM ts;
 | ---
 | - null
 | - 'Type mismatch: can not convert unsigned to text'
 | ...
SELECT s1 != 4 FROM ts;
 | ---
 | - null
 | - 'Type mismatch: can not convert unsigned to text'
 | ...

SELECT 3.5 > s1 FROM ts;
 | ---
 | - null
 | - 'Type mismatch: can not convert text to real'
 | ...
SELECT 3.5 < s1 FROM ts;
 | ---
 | - null
 | - 'Type mismatch: can not convert text to real'
 | ...
SELECT 3.5 >= s1 FROM ts;
 | ---
 | - null
 | - 'Type mismatch: can not convert text to real'
 | ...
SELECT 3.5 <= s1 FROM ts;
 | ---
 | - null
 | - 'Type mismatch: can not convert text to real'
 | ...
SELECT 3.5 = s1 FROM ts;
 | ---
 | - null
 | - 'Type mismatch: can not convert text to real'
 | ...
SELECT 3.5 != s1 FROM ts;
 | ---
 | - null
 | - 'Type mismatch: can not convert text to real'
 | ...

SELECT s1 > 0.5 FROM ts;
 | ---
 | - null
 | - 'Type mismatch: can not convert real to text'
 | ...
SELECT s1 < 0.5 FROM ts;
 | ---
 | - null
 | - 'Type mismatch: can not convert real to text'
 | ...
SELECT s1 >= 0.5 FROM ts;
 | ---
 | - null
 | - 'Type mismatch: can not convert real to text'
 | ...
SELECT s1 <= 0.5 FROM ts;
 | ---
 | - null
 | - 'Type mismatch: can not convert real to text'
 | ...
SELECT s1 = 0.5 FROM ts;
 | ---
 | - null
 | - 'Type mismatch: can not convert real to text'
 | ...
SELECT s1 != 0.5 FROM ts;
 | ---
 | - null
 | - 'Type mismatch: can not convert real to text'
 | ...

SELECT i > s1 FROM tn, ts;
 | ---
 | - null
 | - 'Type mismatch: can not convert text to unsigned'
 | ...
SELECT i < s1 FROM tn, ts;
 | ---
 | - null
 | - 'Type mismatch: can not convert text to unsigned'
 | ...
SELECT i >= s1 FROM tn, ts;
 | ---
 | - null
 | - 'Type mismatch: can not convert text to unsigned'
 | ...
SELECT i <= s1 FROM tn, ts;
 | ---
 | - null
 | - 'Type mismatch: can not convert text to unsigned'
 | ...
SELECT i = s1 FROM tn, ts;
 | ---
 | - null
 | - 'Type mismatch: can not convert text to unsigned'
 | ...
SELECT i != s1 FROM tn, ts;
 | ---
 | - null
 | - 'Type mismatch: can not convert text to unsigned'
 | ...

SELECT s1 > i FROM tn, ts;
 | ---
 | - null
 | - 'Type mismatch: can not convert unsigned to text'
 | ...
SELECT s1 < i FROM tn, ts;
 | ---
 | - null
 | - 'Type mismatch: can not convert unsigned to text'
 | ...
SELECT s1 >= i FROM tn, ts;
 | ---
 | - null
 | - 'Type mismatch: can not convert unsigned to text'
 | ...
SELECT s1 <= i FROM tn, ts;
 | ---
 | - null
 | - 'Type mismatch: can not convert unsigned to text'
 | ...
SELECT s1 = i FROM tn, ts;
 | ---
 | - null
 | - 'Type mismatch: can not convert unsigned to text'
 | ...
SELECT s1 != i FROM tn, ts;
 | ---
 | - null
 | - 'Type mismatch: can not convert unsigned to text'
 | ...

SELECT a > s1 FROM tn, ts;
 | ---
 | - null
 | - 'Type mismatch: can not convert text to unsigned'
 | ...
SELECT a < s1 FROM tn, ts;
 | ---
 | - null
 | - 'Type mismatch: can not convert text to unsigned'
 | ...
SELECT a >= s1 FROM tn, ts;
 | ---
 | - null
 | - 'Type mismatch: can not convert text to unsigned'
 | ...
SELECT a <= s1 FROM tn, ts;
 | ---
 | - null
 | - 'Type mismatch: can not convert text to unsigned'
 | ...
SELECT a = s1 FROM tn, ts;
 | ---
 | - null
 | - 'Type mismatch: can not convert text to unsigned'
 | ...
SELECT a != s1 FROM tn, ts;
 | ---
 | - null
 | - 'Type mismatch: can not convert text to unsigned'
 | ...

SELECT s1 > a FROM tn, ts;
 | ---
 | - null
 | - 'Type mismatch: can not convert unsigned to text'
 | ...
SELECT s1 < a FROM tn, ts;
 | ---
 | - null
 | - 'Type mismatch: can not convert unsigned to text'
 | ...
SELECT s1 >= a FROM tn, ts;
 | ---
 | - null
 | - 'Type mismatch: can not convert unsigned to text'
 | ...
SELECT s1 <= a FROM tn, ts;
 | ---
 | - null
 | - 'Type mismatch: can not convert unsigned to text'
 | ...
SELECT s1 = a FROM tn, ts;
 | ---
 | - null
 | - 'Type mismatch: can not convert unsigned to text'
 | ...
SELECT s1 != a FROM tn, ts;
 | ---
 | - null
 | - 'Type mismatch: can not convert unsigned to text'
 | ...

SELECT d > s1 FROM tn, ts;
 | ---
 | - null
 | - 'Type mismatch: can not convert text to real'
 | ...
SELECT d < s1 FROM tn, ts;
 | ---
 | - null
 | - 'Type mismatch: can not convert text to real'
 | ...
SELECT d >= s1 FROM tn, ts;
 | ---
 | - null
 | - 'Type mismatch: can not convert text to real'
 | ...
SELECT d <= s1 FROM tn, ts;
 | ---
 | - null
 | - 'Type mismatch: can not convert text to real'
 | ...
SELECT d = s1 FROM tn, ts;
 | ---
 | - null
 | - 'Type mismatch: can not convert text to real'
 | ...
SELECT d != s1 FROM tn, ts;
 | ---
 | - null
 | - 'Type mismatch: can not convert text to real'
 | ...

SELECT s1 > d FROM tn, ts;
 | ---
 | - null
 | - 'Type mismatch: can not convert real to text'
 | ...
SELECT s1 < d FROM tn, ts;
 | ---
 | - null
 | - 'Type mismatch: can not convert real to text'
 | ...
SELECT s1 >= d FROM tn, ts;
 | ---
 | - null
 | - 'Type mismatch: can not convert real to text'
 | ...
SELECT s1 <= d FROM tn, ts;
 | ---
 | - null
 | - 'Type mismatch: can not convert real to text'
 | ...
SELECT s1 = d FROM tn, ts;
 | ---
 | - null
 | - 'Type mismatch: can not convert real to text'
 | ...
SELECT s1 != d FROM tn, ts;
 | ---
 | - null
 | - 'Type mismatch: can not convert real to text'
 | ...

SELECT u > s1 FROM tn, ts;
 | ---
 | - null
 | - 'Type mismatch: can not convert text to unsigned'
 | ...
SELECT u < s1 FROM tn, ts;
 | ---
 | - null
 | - 'Type mismatch: can not convert text to unsigned'
 | ...
SELECT u >= s1 FROM tn, ts;
 | ---
 | - null
 | - 'Type mismatch: can not convert text to unsigned'
 | ...
SELECT u <= s1 FROM tn, ts;
 | ---
 | - null
 | - 'Type mismatch: can not convert text to unsigned'
 | ...
SELECT u = s1 FROM tn, ts;
 | ---
 | - null
 | - 'Type mismatch: can not convert text to unsigned'
 | ...
SELECT u != s1 FROM tn, ts;
 | ---
 | - null
 | - 'Type mismatch: can not convert text to unsigned'
 | ...

SELECT s1 > u FROM tn, ts;
 | ---
 | - null
 | - 'Type mismatch: can not convert unsigned to text'
 | ...
SELECT s1 < u FROM tn, ts;
 | ---
 | - null
 | - 'Type mismatch: can not convert unsigned to text'
 | ...
SELECT s1 >= u FROM tn, ts;
 | ---
 | - null
 | - 'Type mismatch: can not convert unsigned to text'
 | ...
SELECT s1 <= u FROM tn, ts;
 | ---
 | - null
 | - 'Type mismatch: can not convert unsigned to text'
 | ...
SELECT s1 = u FROM tn, ts;
 | ---
 | - null
 | - 'Type mismatch: can not convert unsigned to text'
 | ...
SELECT s1 != u FROM tn, ts;
 | ---
 | - null
 | - 'Type mismatch: can not convert unsigned to text'
 | ...

--
-- Make sure that numbers cannot be compared with VARBINARY
-- values.
--
SELECT 3 > X'3139';
 | ---
 | - null
 | - 'Type mismatch: can not convert varbinary to unsigned'
 | ...
SELECT 3 < X'3139';
 | ---
 | - null
 | - 'Type mismatch: can not convert varbinary to unsigned'
 | ...
SELECT 3 >= X'3139';
 | ---
 | - null
 | - 'Type mismatch: can not convert varbinary to unsigned'
 | ...
SELECT 3 <= X'3139';
 | ---
 | - null
 | - 'Type mismatch: can not convert varbinary to unsigned'
 | ...
SELECT 3 = X'3139';
 | ---
 | - null
 | - 'Type mismatch: can not convert varbinary to unsigned'
 | ...
SELECT 3 != X'3139';
 | ---
 | - null
 | - 'Type mismatch: can not convert varbinary to unsigned'
 | ...

SELECT X'3139' > 4;
 | ---
 | - null
 | - 'Type mismatch: can not convert unsigned to varbinary'
 | ...
SELECT X'3139' < 4;
 | ---
 | - null
 | - 'Type mismatch: can not convert unsigned to varbinary'
 | ...
SELECT X'3139' >= 4;
 | ---
 | - null
 | - 'Type mismatch: can not convert unsigned to varbinary'
 | ...
SELECT X'3139' <= 4;
 | ---
 | - null
 | - 'Type mismatch: can not convert unsigned to varbinary'
 | ...
SELECT X'3139' = 4;
 | ---
 | - null
 | - 'Type mismatch: can not convert unsigned to varbinary'
 | ...
SELECT X'3139' != 4;
 | ---
 | - null
 | - 'Type mismatch: can not convert unsigned to varbinary'
 | ...

SELECT 3.5 > X'3139';
 | ---
 | - null
 | - 'Type mismatch: can not convert varbinary to real'
 | ...
SELECT 3.5 < X'3139';
 | ---
 | - null
 | - 'Type mismatch: can not convert varbinary to real'
 | ...
SELECT 3.5 >= X'3139';
 | ---
 | - null
 | - 'Type mismatch: can not convert varbinary to real'
 | ...
SELECT 3.5 <= X'3139';
 | ---
 | - null
 | - 'Type mismatch: can not convert varbinary to real'
 | ...
SELECT 3.5 = X'3139';
 | ---
 | - null
 | - 'Type mismatch: can not convert varbinary to real'
 | ...
SELECT 3.5 != X'3139';
 | ---
 | - null
 | - 'Type mismatch: can not convert varbinary to real'
 | ...

SELECT X'3139' > 0.5;
 | ---
 | - null
 | - 'Type mismatch: can not convert real to varbinary'
 | ...
SELECT X'3139' < 0.5;
 | ---
 | - null
 | - 'Type mismatch: can not convert real to varbinary'
 | ...
SELECT X'3139' >= 0.5;
 | ---
 | - null
 | - 'Type mismatch: can not convert real to varbinary'
 | ...
SELECT X'3139' <= 0.5;
 | ---
 | - null
 | - 'Type mismatch: can not convert real to varbinary'
 | ...
SELECT X'3139' = 0.5;
 | ---
 | - null
 | - 'Type mismatch: can not convert real to varbinary'
 | ...
SELECT X'3139' != 0.5;
 | ---
 | - null
 | - 'Type mismatch: can not convert real to varbinary'
 | ...

SELECT i > X'3139' FROM tn;
 | ---
 | - null
 | - 'Type mismatch: can not convert varbinary to unsigned'
 | ...
SELECT i < X'3139' FROM tn;
 | ---
 | - null
 | - 'Type mismatch: can not convert varbinary to unsigned'
 | ...
SELECT i >= X'3139' FROM tn;
 | ---
 | - null
 | - 'Type mismatch: can not convert varbinary to unsigned'
 | ...
SELECT i <= X'3139' FROM tn;
 | ---
 | - null
 | - 'Type mismatch: can not convert varbinary to unsigned'
 | ...
SELECT i = X'3139' FROM tn;
 | ---
 | - null
 | - 'Type mismatch: can not convert varbinary to unsigned'
 | ...
SELECT i != X'3139' FROM tn;
 | ---
 | - null
 | - 'Type mismatch: can not convert varbinary to unsigned'
 | ...

SELECT X'3139' > i FROM tn;
 | ---
 | - null
 | - 'Type mismatch: can not convert unsigned to varbinary'
 | ...
SELECT X'3139' < i FROM tn;
 | ---
 | - null
 | - 'Type mismatch: can not convert unsigned to varbinary'
 | ...
SELECT X'3139' >= i FROM tn;
 | ---
 | - null
 | - 'Type mismatch: can not convert unsigned to varbinary'
 | ...
SELECT X'3139' <= i FROM tn;
 | ---
 | - null
 | - 'Type mismatch: can not convert unsigned to varbinary'
 | ...
SELECT X'3139' = i FROM tn;
 | ---
 | - null
 | - 'Type mismatch: can not convert unsigned to varbinary'
 | ...
SELECT X'3139' != i FROM tn;
 | ---
 | - null
 | - 'Type mismatch: can not convert unsigned to varbinary'
 | ...

SELECT a > X'3139' FROM tn;
 | ---
 | - null
 | - 'Type mismatch: can not convert varbinary to unsigned'
 | ...
SELECT a < X'3139' FROM tn;
 | ---
 | - null
 | - 'Type mismatch: can not convert varbinary to unsigned'
 | ...
SELECT a >= X'3139' FROM tn;
 | ---
 | - null
 | - 'Type mismatch: can not convert varbinary to unsigned'
 | ...
SELECT a <= X'3139' FROM tn;
 | ---
 | - null
 | - 'Type mismatch: can not convert varbinary to unsigned'
 | ...
SELECT a = X'3139' FROM tn;
 | ---
 | - null
 | - 'Type mismatch: can not convert varbinary to unsigned'
 | ...
SELECT a != X'3139' FROM tn;
 | ---
 | - null
 | - 'Type mismatch: can not convert varbinary to unsigned'
 | ...

SELECT X'3139' > a FROM tn;
 | ---
 | - null
 | - 'Type mismatch: can not convert unsigned to varbinary'
 | ...
SELECT X'3139' < a FROM tn;
 | ---
 | - null
 | - 'Type mismatch: can not convert unsigned to varbinary'
 | ...
SELECT X'3139' >= a FROM tn;
 | ---
 | - null
 | - 'Type mismatch: can not convert unsigned to varbinary'
 | ...
SELECT X'3139' <= a FROM tn;
 | ---
 | - null
 | - 'Type mismatch: can not convert unsigned to varbinary'
 | ...
SELECT X'3139' = a FROM tn;
 | ---
 | - null
 | - 'Type mismatch: can not convert unsigned to varbinary'
 | ...
SELECT X'3139' != a FROM tn;
 | ---
 | - null
 | - 'Type mismatch: can not convert unsigned to varbinary'
 | ...

SELECT d > X'3139' FROM tn;
 | ---
 | - null
 | - 'Type mismatch: can not convert varbinary to real'
 | ...
SELECT d < X'3139' FROM tn;
 | ---
 | - null
 | - 'Type mismatch: can not convert varbinary to real'
 | ...
SELECT d >= X'3139' FROM tn;
 | ---
 | - null
 | - 'Type mismatch: can not convert varbinary to real'
 | ...
SELECT d <= X'3139' FROM tn;
 | ---
 | - null
 | - 'Type mismatch: can not convert varbinary to real'
 | ...
SELECT d = X'3139' FROM tn;
 | ---
 | - null
 | - 'Type mismatch: can not convert varbinary to real'
 | ...
SELECT d != X'3139' FROM tn;
 | ---
 | - null
 | - 'Type mismatch: can not convert varbinary to real'
 | ...

SELECT X'3139' > d FROM tn;
 | ---
 | - null
 | - 'Type mismatch: can not convert real to varbinary'
 | ...
SELECT X'3139' < d FROM tn;
 | ---
 | - null
 | - 'Type mismatch: can not convert real to varbinary'
 | ...
SELECT X'3139' >= d FROM tn;
 | ---
 | - null
 | - 'Type mismatch: can not convert real to varbinary'
 | ...
SELECT X'3139' <= d FROM tn;
 | ---
 | - null
 | - 'Type mismatch: can not convert real to varbinary'
 | ...
SELECT X'3139' = d FROM tn;
 | ---
 | - null
 | - 'Type mismatch: can not convert real to varbinary'
 | ...
SELECT X'3139' != d FROM tn;
 | ---
 | - null
 | - 'Type mismatch: can not convert real to varbinary'
 | ...

SELECT u > X'3139' FROM tn;
 | ---
 | - null
 | - 'Type mismatch: can not convert varbinary to unsigned'
 | ...
SELECT u < X'3139' FROM tn;
 | ---
 | - null
 | - 'Type mismatch: can not convert varbinary to unsigned'
 | ...
SELECT u >= X'3139' FROM tn;
 | ---
 | - null
 | - 'Type mismatch: can not convert varbinary to unsigned'
 | ...
SELECT u <= X'3139' FROM tn;
 | ---
 | - null
 | - 'Type mismatch: can not convert varbinary to unsigned'
 | ...
SELECT u = X'3139' FROM tn;
 | ---
 | - null
 | - 'Type mismatch: can not convert varbinary to unsigned'
 | ...
SELECT u != X'3139' FROM tn;
 | ---
 | - null
 | - 'Type mismatch: can not convert varbinary to unsigned'
 | ...

SELECT X'3139' > u FROM tn;
 | ---
 | - null
 | - 'Type mismatch: can not convert unsigned to varbinary'
 | ...
SELECT X'3139' < u FROM tn;
 | ---
 | - null
 | - 'Type mismatch: can not convert unsigned to varbinary'
 | ...
SELECT X'3139' >= u FROM tn;
 | ---
 | - null
 | - 'Type mismatch: can not convert unsigned to varbinary'
 | ...
SELECT X'3139' <= u FROM tn;
 | ---
 | - null
 | - 'Type mismatch: can not convert unsigned to varbinary'
 | ...
SELECT X'3139' = u FROM tn;
 | ---
 | - null
 | - 'Type mismatch: can not convert unsigned to varbinary'
 | ...
SELECT X'3139' != u FROM tn;
 | ---
 | - null
 | - 'Type mismatch: can not convert unsigned to varbinary'
 | ...

SELECT 3 > v1 FROM tv;
 | ---
 | - null
 | - 'Type mismatch: can not convert varbinary to unsigned'
 | ...
SELECT 3 < v1 FROM tv;
 | ---
 | - null
 | - 'Type mismatch: can not convert varbinary to unsigned'
 | ...
SELECT 3 >= v1 FROM tv;
 | ---
 | - null
 | - 'Type mismatch: can not convert varbinary to unsigned'
 | ...
SELECT 3 <= v1 FROM tv;
 | ---
 | - null
 | - 'Type mismatch: can not convert varbinary to unsigned'
 | ...
SELECT 3 = v1 FROM tv;
 | ---
 | - null
 | - 'Type mismatch: can not convert varbinary to unsigned'
 | ...
SELECT 3 != v1 FROM tv;
 | ---
 | - null
 | - 'Type mismatch: can not convert varbinary to unsigned'
 | ...

SELECT v1 > 4 FROM tv;
 | ---
 | - null
 | - 'Type mismatch: can not convert unsigned to varbinary'
 | ...
SELECT v1 < 4 FROM tv;
 | ---
 | - null
 | - 'Type mismatch: can not convert unsigned to varbinary'
 | ...
SELECT v1 >= 4 FROM tv;
 | ---
 | - null
 | - 'Type mismatch: can not convert unsigned to varbinary'
 | ...
SELECT v1 <= 4 FROM tv;
 | ---
 | - null
 | - 'Type mismatch: can not convert unsigned to varbinary'
 | ...
SELECT v1 = 4 FROM tv;
 | ---
 | - null
 | - 'Type mismatch: can not convert unsigned to varbinary'
 | ...
SELECT v1 != 4 FROM tv;
 | ---
 | - null
 | - 'Type mismatch: can not convert unsigned to varbinary'
 | ...

SELECT 3.5 > v1 FROM tv;
 | ---
 | - null
 | - 'Type mismatch: can not convert varbinary to real'
 | ...
SELECT 3.5 < v1 FROM tv;
 | ---
 | - null
 | - 'Type mismatch: can not convert varbinary to real'
 | ...
SELECT 3.5 >= v1 FROM tv;
 | ---
 | - null
 | - 'Type mismatch: can not convert varbinary to real'
 | ...
SELECT 3.5 <= v1 FROM tv;
 | ---
 | - null
 | - 'Type mismatch: can not convert varbinary to real'
 | ...
SELECT 3.5 = v1 FROM tv;
 | ---
 | - null
 | - 'Type mismatch: can not convert varbinary to real'
 | ...
SELECT 3.5 != v1 FROM tv;
 | ---
 | - null
 | - 'Type mismatch: can not convert varbinary to real'
 | ...

SELECT v1 > 0.5 FROM tv;
 | ---
 | - null
 | - 'Type mismatch: can not convert real to varbinary'
 | ...
SELECT v1 < 0.5 FROM tv;
 | ---
 | - null
 | - 'Type mismatch: can not convert real to varbinary'
 | ...
SELECT v1 >= 0.5 FROM tv;
 | ---
 | - null
 | - 'Type mismatch: can not convert real to varbinary'
 | ...
SELECT v1 <= 0.5 FROM tv;
 | ---
 | - null
 | - 'Type mismatch: can not convert real to varbinary'
 | ...
SELECT v1 = 0.5 FROM tv;
 | ---
 | - null
 | - 'Type mismatch: can not convert real to varbinary'
 | ...
SELECT v1 != 0.5 FROM tv;
 | ---
 | - null
 | - 'Type mismatch: can not convert real to varbinary'
 | ...

SELECT i > v1 FROM tn, tv;
 | ---
 | - null
 | - 'Type mismatch: can not convert varbinary to unsigned'
 | ...
SELECT i < v1 FROM tn, tv;
 | ---
 | - null
 | - 'Type mismatch: can not convert varbinary to unsigned'
 | ...
SELECT i >= v1 FROM tn, tv;
 | ---
 | - null
 | - 'Type mismatch: can not convert varbinary to unsigned'
 | ...
SELECT i <= v1 FROM tn, tv;
 | ---
 | - null
 | - 'Type mismatch: can not convert varbinary to unsigned'
 | ...
SELECT i = v1 FROM tn, tv;
 | ---
 | - null
 | - 'Type mismatch: can not convert varbinary to unsigned'
 | ...
SELECT i != v1 FROM tn, tv;
 | ---
 | - null
 | - 'Type mismatch: can not convert varbinary to unsigned'
 | ...

SELECT v1 > i FROM tn, tv;
 | ---
 | - null
 | - 'Type mismatch: can not convert unsigned to varbinary'
 | ...
SELECT v1 < i FROM tn, tv;
 | ---
 | - null
 | - 'Type mismatch: can not convert unsigned to varbinary'
 | ...
SELECT v1 >= i FROM tn, tv;
 | ---
 | - null
 | - 'Type mismatch: can not convert unsigned to varbinary'
 | ...
SELECT v1 <= i FROM tn, tv;
 | ---
 | - null
 | - 'Type mismatch: can not convert unsigned to varbinary'
 | ...
SELECT v1 = i FROM tn, tv;
 | ---
 | - null
 | - 'Type mismatch: can not convert unsigned to varbinary'
 | ...
SELECT v1 != i FROM tn, tv;
 | ---
 | - null
 | - 'Type mismatch: can not convert unsigned to varbinary'
 | ...

SELECT a > v1 FROM tn, tv;
 | ---
 | - null
 | - 'Type mismatch: can not convert varbinary to unsigned'
 | ...
SELECT a < v1 FROM tn, tv;
 | ---
 | - null
 | - 'Type mismatch: can not convert varbinary to unsigned'
 | ...
SELECT a >= v1 FROM tn, tv;
 | ---
 | - null
 | - 'Type mismatch: can not convert varbinary to unsigned'
 | ...
SELECT a <= v1 FROM tn, tv;
 | ---
 | - null
 | - 'Type mismatch: can not convert varbinary to unsigned'
 | ...
SELECT a = v1 FROM tn, tv;
 | ---
 | - null
 | - 'Type mismatch: can not convert varbinary to unsigned'
 | ...
SELECT a != v1 FROM tn, tv;
 | ---
 | - null
 | - 'Type mismatch: can not convert varbinary to unsigned'
 | ...

SELECT v1 > a FROM tn, tv;
 | ---
 | - null
 | - 'Type mismatch: can not convert unsigned to varbinary'
 | ...
SELECT v1 < a FROM tn, tv;
 | ---
 | - null
 | - 'Type mismatch: can not convert unsigned to varbinary'
 | ...
SELECT v1 >= a FROM tn, tv;
 | ---
 | - null
 | - 'Type mismatch: can not convert unsigned to varbinary'
 | ...
SELECT v1 <= a FROM tn, tv;
 | ---
 | - null
 | - 'Type mismatch: can not convert unsigned to varbinary'
 | ...
SELECT v1 = a FROM tn, tv;
 | ---
 | - null
 | - 'Type mismatch: can not convert unsigned to varbinary'
 | ...
SELECT v1 != a FROM tn, tv;
 | ---
 | - null
 | - 'Type mismatch: can not convert unsigned to varbinary'
 | ...

SELECT d > v1 FROM tn, tv;
 | ---
 | - null
 | - 'Type mismatch: can not convert varbinary to real'
 | ...
SELECT d < v1 FROM tn, tv;
 | ---
 | - null
 | - 'Type mismatch: can not convert varbinary to real'
 | ...
SELECT d >= v1 FROM tn, tv;
 | ---
 | - null
 | - 'Type mismatch: can not convert varbinary to real'
 | ...
SELECT d <= v1 FROM tn, tv;
 | ---
 | - null
 | - 'Type mismatch: can not convert varbinary to real'
 | ...
SELECT d = v1 FROM tn, tv;
 | ---
 | - null
 | - 'Type mismatch: can not convert varbinary to real'
 | ...
SELECT d != v1 FROM tn, tv;
 | ---
 | - null
 | - 'Type mismatch: can not convert varbinary to real'
 | ...

SELECT v1 > d FROM tn, tv;
 | ---
 | - null
 | - 'Type mismatch: can not convert real to varbinary'
 | ...
SELECT v1 < d FROM tn, tv;
 | ---
 | - null
 | - 'Type mismatch: can not convert real to varbinary'
 | ...
SELECT v1 >= d FROM tn, tv;
 | ---
 | - null
 | - 'Type mismatch: can not convert real to varbinary'
 | ...
SELECT v1 <= d FROM tn, tv;
 | ---
 | - null
 | - 'Type mismatch: can not convert real to varbinary'
 | ...
SELECT v1 = d FROM tn, tv;
 | ---
 | - null
 | - 'Type mismatch: can not convert real to varbinary'
 | ...
SELECT v1 != d FROM tn, tv;
 | ---
 | - null
 | - 'Type mismatch: can not convert real to varbinary'
 | ...

SELECT u > v1 FROM tn, tv;
 | ---
 | - null
 | - 'Type mismatch: can not convert varbinary to unsigned'
 | ...
SELECT u < v1 FROM tn, tv;
 | ---
 | - null
 | - 'Type mismatch: can not convert varbinary to unsigned'
 | ...
SELECT u >= v1 FROM tn, tv;
 | ---
 | - null
 | - 'Type mismatch: can not convert varbinary to unsigned'
 | ...
SELECT u <= v1 FROM tn, tv;
 | ---
 | - null
 | - 'Type mismatch: can not convert varbinary to unsigned'
 | ...
SELECT u = v1 FROM tn, tv;
 | ---
 | - null
 | - 'Type mismatch: can not convert varbinary to unsigned'
 | ...
SELECT u != v1 FROM tn, tv;
 | ---
 | - null
 | - 'Type mismatch: can not convert varbinary to unsigned'
 | ...

SELECT v1 > u FROM tn, tv;
 | ---
 | - null
 | - 'Type mismatch: can not convert unsigned to varbinary'
 | ...
SELECT v1 < u FROM tn, tv;
 | ---
 | - null
 | - 'Type mismatch: can not convert unsigned to varbinary'
 | ...
SELECT v1 >= u FROM tn, tv;
 | ---
 | - null
 | - 'Type mismatch: can not convert unsigned to varbinary'
 | ...
SELECT v1 <= u FROM tn, tv;
 | ---
 | - null
 | - 'Type mismatch: can not convert unsigned to varbinary'
 | ...
SELECT v1 = u FROM tn, tv;
 | ---
 | - null
 | - 'Type mismatch: can not convert unsigned to varbinary'
 | ...
SELECT v1 != u FROM tn, tv;
 | ---
 | - null
 | - 'Type mismatch: can not convert unsigned to varbinary'
 | ...

--
-- Make sure that BOOLEAN values cannot be compared with STRING
-- values.
--
SELECT true > 'TRUE';
 | ---
 | - null
 | - 'Type mismatch: can not convert text to boolean'
 | ...
SELECT true < 'TRUE';
 | ---
 | - null
 | - 'Type mismatch: can not convert text to boolean'
 | ...
SELECT true >= 'TRUE';
 | ---
 | - null
 | - 'Type mismatch: can not convert text to boolean'
 | ...
SELECT true <= 'TRUE';
 | ---
 | - null
 | - 'Type mismatch: can not convert text to boolean'
 | ...
SELECT true = 'TRUE';
 | ---
 | - null
 | - 'Type mismatch: can not convert text to boolean'
 | ...
SELECT true != 'TRUE';
 | ---
 | - null
 | - 'Type mismatch: can not convert text to boolean'
 | ...

SELECT 'TRUE' > true;
 | ---
 | - null
 | - 'Type mismatch: can not convert boolean to text'
 | ...
SELECT 'TRUE' < true;
 | ---
 | - null
 | - 'Type mismatch: can not convert boolean to text'
 | ...
SELECT 'TRUE' >= true;
 | ---
 | - null
 | - 'Type mismatch: can not convert boolean to text'
 | ...
SELECT 'TRUE' <= true;
 | ---
 | - null
 | - 'Type mismatch: can not convert boolean to text'
 | ...
SELECT 'TRUE' = true;
 | ---
 | - null
 | - 'Type mismatch: can not convert boolean to text'
 | ...
SELECT 'TRUE' != true;
 | ---
 | - null
 | - 'Type mismatch: can not convert boolean to text'
 | ...

SELECT b1 > 'TRUE' FROM tb;
 | ---
 | - null
 | - 'Type mismatch: can not convert text to boolean'
 | ...
SELECT b1 < 'TRUE' FROM tb;
 | ---
 | - null
 | - 'Type mismatch: can not convert text to boolean'
 | ...
SELECT b1 >= 'TRUE' FROM tb;
 | ---
 | - null
 | - 'Type mismatch: can not convert text to boolean'
 | ...
SELECT b1 <= 'TRUE' FROM tb;
 | ---
 | - null
 | - 'Type mismatch: can not convert text to boolean'
 | ...
SELECT b1 = 'TRUE' FROM tb;
 | ---
 | - null
 | - 'Type mismatch: can not convert text to boolean'
 | ...
SELECT b1 != 'TRUE' FROM tb;
 | ---
 | - null
 | - 'Type mismatch: can not convert text to boolean'
 | ...

SELECT 'TRUE' > b1 FROM tb;
 | ---
 | - null
 | - 'Type mismatch: can not convert boolean to text'
 | ...
SELECT 'TRUE' < b1 FROM tb;
 | ---
 | - null
 | - 'Type mismatch: can not convert boolean to text'
 | ...
SELECT 'TRUE' >= b1 FROM tb;
 | ---
 | - null
 | - 'Type mismatch: can not convert boolean to text'
 | ...
SELECT 'TRUE' <= b1 FROM tb;
 | ---
 | - null
 | - 'Type mismatch: can not convert boolean to text'
 | ...
SELECT 'TRUE' = b1 FROM tb;
 | ---
 | - null
 | - 'Type mismatch: can not convert boolean to text'
 | ...
SELECT 'TRUE' != b1 FROM tb;
 | ---
 | - null
 | - 'Type mismatch: can not convert boolean to text'
 | ...

SELECT true > s1 FROM ts;
 | ---
 | - null
 | - 'Type mismatch: can not convert text to boolean'
 | ...
SELECT true < s1 FROM ts;
 | ---
 | - null
 | - 'Type mismatch: can not convert text to boolean'
 | ...
SELECT true >= s1 FROM ts;
 | ---
 | - null
 | - 'Type mismatch: can not convert text to boolean'
 | ...
SELECT true <= s1 FROM ts;
 | ---
 | - null
 | - 'Type mismatch: can not convert text to boolean'
 | ...
SELECT true = s1 FROM ts;
 | ---
 | - null
 | - 'Type mismatch: can not convert text to boolean'
 | ...
SELECT true != s1 FROM ts;
 | ---
 | - null
 | - 'Type mismatch: can not convert text to boolean'
 | ...

SELECT s1 > true FROM ts;
 | ---
 | - null
 | - 'Type mismatch: can not convert boolean to text'
 | ...
SELECT s1 < true FROM ts;
 | ---
 | - null
 | - 'Type mismatch: can not convert boolean to text'
 | ...
SELECT s1 >= true FROM ts;
 | ---
 | - null
 | - 'Type mismatch: can not convert boolean to text'
 | ...
SELECT s1 <= true FROM ts;
 | ---
 | - null
 | - 'Type mismatch: can not convert boolean to text'
 | ...
SELECT s1 = true FROM ts;
 | ---
 | - null
 | - 'Type mismatch: can not convert boolean to text'
 | ...
SELECT s1 != true FROM ts;
 | ---
 | - null
 | - 'Type mismatch: can not convert boolean to text'
 | ...

SELECT b1 > s1 FROM tb, ts;
 | ---
 | - null
 | - 'Type mismatch: can not convert text to boolean'
 | ...
SELECT b1 < s1 FROM tb, ts;
 | ---
 | - null
 | - 'Type mismatch: can not convert text to boolean'
 | ...
SELECT b1 >= s1 FROM tb, ts;
 | ---
 | - null
 | - 'Type mismatch: can not convert text to boolean'
 | ...
SELECT b1 <= s1 FROM tb, ts;
 | ---
 | - null
 | - 'Type mismatch: can not convert text to boolean'
 | ...
SELECT b1 = s1 FROM tb, ts;
 | ---
 | - null
 | - 'Type mismatch: can not convert text to boolean'
 | ...
SELECT b1 != s1 FROM tb, ts;
 | ---
 | - null
 | - 'Type mismatch: can not convert text to boolean'
 | ...

SELECT s1 > b1 FROM tb, ts;
 | ---
 | - null
 | - 'Type mismatch: can not convert boolean to text'
 | ...
SELECT s1 < b1 FROM tb, ts;
 | ---
 | - null
 | - 'Type mismatch: can not convert boolean to text'
 | ...
SELECT s1 >= b1 FROM tb, ts;
 | ---
 | - null
 | - 'Type mismatch: can not convert boolean to text'
 | ...
SELECT s1 <= b1 FROM tb, ts;
 | ---
 | - null
 | - 'Type mismatch: can not convert boolean to text'
 | ...
SELECT s1 = b1 FROM tb, ts;
 | ---
 | - null
 | - 'Type mismatch: can not convert boolean to text'
 | ...
SELECT s1 != b1 FROM tb, ts;
 | ---
 | - null
 | - 'Type mismatch: can not convert boolean to text'
 | ...

--
-- Make sure that BOOLEAN values cannot be compared with VARBINARY
-- values.
--
SELECT true > X'54525545';
 | ---
 | - null
 | - 'Type mismatch: can not convert varbinary to boolean'
 | ...
SELECT true < X'54525545';
 | ---
 | - null
 | - 'Type mismatch: can not convert varbinary to boolean'
 | ...
SELECT true >= X'54525545';
 | ---
 | - null
 | - 'Type mismatch: can not convert varbinary to boolean'
 | ...
SELECT true <= X'54525545';
 | ---
 | - null
 | - 'Type mismatch: can not convert varbinary to boolean'
 | ...
SELECT true = X'54525545';
 | ---
 | - null
 | - 'Type mismatch: can not convert varbinary to boolean'
 | ...
SELECT true != X'54525545';
 | ---
 | - null
 | - 'Type mismatch: can not convert varbinary to boolean'
 | ...

SELECT X'54525545' > true;
 | ---
 | - null
 | - 'Type mismatch: can not convert boolean to varbinary'
 | ...
SELECT X'54525545' < true;
 | ---
 | - null
 | - 'Type mismatch: can not convert boolean to varbinary'
 | ...
SELECT X'54525545' >= true;
 | ---
 | - null
 | - 'Type mismatch: can not convert boolean to varbinary'
 | ...
SELECT X'54525545' <= true;
 | ---
 | - null
 | - 'Type mismatch: can not convert boolean to varbinary'
 | ...
SELECT X'54525545' = true;
 | ---
 | - null
 | - 'Type mismatch: can not convert boolean to varbinary'
 | ...
SELECT X'54525545' != true;
 | ---
 | - null
 | - 'Type mismatch: can not convert boolean to varbinary'
 | ...

SELECT b1 > X'54525545' FROM tb;
 | ---
 | - null
 | - 'Type mismatch: can not convert varbinary to boolean'
 | ...
SELECT b1 < X'54525545' FROM tb;
 | ---
 | - null
 | - 'Type mismatch: can not convert varbinary to boolean'
 | ...
SELECT b1 >= X'54525545' FROM tb;
 | ---
 | - null
 | - 'Type mismatch: can not convert varbinary to boolean'
 | ...
SELECT b1 <= X'54525545' FROM tb;
 | ---
 | - null
 | - 'Type mismatch: can not convert varbinary to boolean'
 | ...
SELECT b1 = X'54525545' FROM tb;
 | ---
 | - null
 | - 'Type mismatch: can not convert varbinary to boolean'
 | ...
SELECT b1 != X'54525545' FROM tb;
 | ---
 | - null
 | - 'Type mismatch: can not convert varbinary to boolean'
 | ...

SELECT X'54525545' > b1 FROM tb;
 | ---
 | - null
 | - 'Type mismatch: can not convert boolean to varbinary'
 | ...
SELECT X'54525545' < b1 FROM tb;
 | ---
 | - null
 | - 'Type mismatch: can not convert boolean to varbinary'
 | ...
SELECT X'54525545' >= b1 FROM tb;
 | ---
 | - null
 | - 'Type mismatch: can not convert boolean to varbinary'
 | ...
SELECT X'54525545' <= b1 FROM tb;
 | ---
 | - null
 | - 'Type mismatch: can not convert boolean to varbinary'
 | ...
SELECT X'54525545' = b1 FROM tb;
 | ---
 | - null
 | - 'Type mismatch: can not convert boolean to varbinary'
 | ...
SELECT X'54525545' != b1 FROM tb;
 | ---
 | - null
 | - 'Type mismatch: can not convert boolean to varbinary'
 | ...

DELETE FROM tv;
 | ---
 | - row_count: 1
 | ...
INSERT INTO tv VALUES (X'54525545', X'54525545');
 | ---
 | - row_count: 1
 | ...

SELECT true > v1 FROM tv;
 | ---
 | - null
 | - 'Type mismatch: can not convert varbinary to boolean'
 | ...
SELECT true < v1 FROM tv;
 | ---
 | - null
 | - 'Type mismatch: can not convert varbinary to boolean'
 | ...
SELECT true >= v1 FROM tv;
 | ---
 | - null
 | - 'Type mismatch: can not convert varbinary to boolean'
 | ...
SELECT true <= v1 FROM tv;
 | ---
 | - null
 | - 'Type mismatch: can not convert varbinary to boolean'
 | ...
SELECT true = v1 FROM tv;
 | ---
 | - null
 | - 'Type mismatch: can not convert varbinary to boolean'
 | ...
SELECT true != v1 FROM tv;
 | ---
 | - null
 | - 'Type mismatch: can not convert varbinary to boolean'
 | ...

SELECT v1 > true FROM tv;
 | ---
 | - null
 | - 'Type mismatch: can not convert boolean to varbinary'
 | ...
SELECT v1 < true FROM tv;
 | ---
 | - null
 | - 'Type mismatch: can not convert boolean to varbinary'
 | ...
SELECT v1 >= true FROM tv;
 | ---
 | - null
 | - 'Type mismatch: can not convert boolean to varbinary'
 | ...
SELECT v1 <= true FROM tv;
 | ---
 | - null
 | - 'Type mismatch: can not convert boolean to varbinary'
 | ...
SELECT v1 = true FROM tv;
 | ---
 | - null
 | - 'Type mismatch: can not convert boolean to varbinary'
 | ...
SELECT v1 != true FROM tv;
 | ---
 | - null
 | - 'Type mismatch: can not convert boolean to varbinary'
 | ...

SELECT b1 > v1 FROM tb, tv;
 | ---
 | - null
 | - 'Type mismatch: can not convert varbinary to boolean'
 | ...
SELECT b1 < v1 FROM tb, tv;
 | ---
 | - null
 | - 'Type mismatch: can not convert varbinary to boolean'
 | ...
SELECT b1 >= v1 FROM tb, tv;
 | ---
 | - null
 | - 'Type mismatch: can not convert varbinary to boolean'
 | ...
SELECT b1 <= v1 FROM tb, tv;
 | ---
 | - null
 | - 'Type mismatch: can not convert varbinary to boolean'
 | ...
SELECT b1 = v1 FROM tb, tv;
 | ---
 | - null
 | - 'Type mismatch: can not convert varbinary to boolean'
 | ...
SELECT b1 != v1 FROM tb, tv;
 | ---
 | - null
 | - 'Type mismatch: can not convert varbinary to boolean'
 | ...

SELECT v1 > b1 FROM tb, tv;
 | ---
 | - null
 | - 'Type mismatch: can not convert boolean to varbinary'
 | ...
SELECT v1 < b1 FROM tb, tv;
 | ---
 | - null
 | - 'Type mismatch: can not convert boolean to varbinary'
 | ...
SELECT v1 >= b1 FROM tb, tv;
 | ---
 | - null
 | - 'Type mismatch: can not convert boolean to varbinary'
 | ...
SELECT v1 <= b1 FROM tb, tv;
 | ---
 | - null
 | - 'Type mismatch: can not convert boolean to varbinary'
 | ...
SELECT v1 = b1 FROM tb, tv;
 | ---
 | - null
 | - 'Type mismatch: can not convert boolean to varbinary'
 | ...
SELECT v1 != b1 FROM tb, tv;
 | ---
 | - null
 | - 'Type mismatch: can not convert boolean to varbinary'
 | ...

--
-- Make sure that STRING values cannot be compared with VARBINARY
-- values.
--
SELECT '123' > X'54525545';
 | ---
 | - null
 | - 'Type mismatch: can not convert varbinary to text'
 | ...
SELECT '123' < X'54525545';
 | ---
 | - null
 | - 'Type mismatch: can not convert varbinary to text'
 | ...
SELECT '123' >= X'54525545';
 | ---
 | - null
 | - 'Type mismatch: can not convert varbinary to text'
 | ...
SELECT '123' <= X'54525545';
 | ---
 | - null
 | - 'Type mismatch: can not convert varbinary to text'
 | ...
SELECT '123' = X'54525545';
 | ---
 | - null
 | - 'Type mismatch: can not convert varbinary to text'
 | ...
SELECT '123' != X'54525545';
 | ---
 | - null
 | - 'Type mismatch: can not convert varbinary to text'
 | ...

SELECT X'54525545' > '123';
 | ---
 | - null
 | - 'Type mismatch: can not convert text to varbinary'
 | ...
SELECT X'54525545' < '123';
 | ---
 | - null
 | - 'Type mismatch: can not convert text to varbinary'
 | ...
SELECT X'54525545' >= '123';
 | ---
 | - null
 | - 'Type mismatch: can not convert text to varbinary'
 | ...
SELECT X'54525545' <= '123';
 | ---
 | - null
 | - 'Type mismatch: can not convert text to varbinary'
 | ...
SELECT X'54525545' = '123';
 | ---
 | - null
 | - 'Type mismatch: can not convert text to varbinary'
 | ...
SELECT X'54525545' != '123';
 | ---
 | - null
 | - 'Type mismatch: can not convert text to varbinary'
 | ...

SELECT s1 > X'54525545' FROM ts;
 | ---
 | - null
 | - 'Type mismatch: can not convert varbinary to text'
 | ...
SELECT s1 < X'54525545' FROM ts;
 | ---
 | - null
 | - 'Type mismatch: can not convert varbinary to text'
 | ...
SELECT s1 >= X'54525545' FROM ts;
 | ---
 | - null
 | - 'Type mismatch: can not convert varbinary to text'
 | ...
SELECT s1 <= X'54525545' FROM ts;
 | ---
 | - null
 | - 'Type mismatch: can not convert varbinary to text'
 | ...
SELECT s1 = X'54525545' FROM ts;
 | ---
 | - null
 | - 'Type mismatch: can not convert varbinary to text'
 | ...
SELECT s1 != X'54525545' FROM ts;
 | ---
 | - null
 | - 'Type mismatch: can not convert varbinary to text'
 | ...

SELECT X'54525545' > s1 FROM ts;
 | ---
 | - null
 | - 'Type mismatch: can not convert text to varbinary'
 | ...
SELECT X'54525545' < s1 FROM ts;
 | ---
 | - null
 | - 'Type mismatch: can not convert text to varbinary'
 | ...
SELECT X'54525545' >= s1 FROM ts;
 | ---
 | - null
 | - 'Type mismatch: can not convert text to varbinary'
 | ...
SELECT X'54525545' <= s1 FROM ts;
 | ---
 | - null
 | - 'Type mismatch: can not convert text to varbinary'
 | ...
SELECT X'54525545' = s1 FROM ts;
 | ---
 | - null
 | - 'Type mismatch: can not convert text to varbinary'
 | ...
SELECT X'54525545' != s1 FROM ts;
 | ---
 | - null
 | - 'Type mismatch: can not convert text to varbinary'
 | ...

SELECT '123' > v1 FROM tv;
 | ---
 | - null
 | - 'Type mismatch: can not convert varbinary to text'
 | ...
SELECT '123' < v1 FROM tv;
 | ---
 | - null
 | - 'Type mismatch: can not convert varbinary to text'
 | ...
SELECT '123' >= v1 FROM tv;
 | ---
 | - null
 | - 'Type mismatch: can not convert varbinary to text'
 | ...
SELECT '123' <= v1 FROM tv;
 | ---
 | - null
 | - 'Type mismatch: can not convert varbinary to text'
 | ...
SELECT '123' = v1 FROM tv;
 | ---
 | - null
 | - 'Type mismatch: can not convert varbinary to text'
 | ...
SELECT '123' != v1 FROM tv;
 | ---
 | - null
 | - 'Type mismatch: can not convert varbinary to text'
 | ...

SELECT v1 > '123' FROM tv;
 | ---
 | - null
 | - 'Type mismatch: can not convert text to varbinary'
 | ...
SELECT v1 < '123' FROM tv;
 | ---
 | - null
 | - 'Type mismatch: can not convert text to varbinary'
 | ...
SELECT v1 >= '123' FROM tv;
 | ---
 | - null
 | - 'Type mismatch: can not convert text to varbinary'
 | ...
SELECT v1 <= '123' FROM tv;
 | ---
 | - null
 | - 'Type mismatch: can not convert text to varbinary'
 | ...
SELECT v1 = '123' FROM tv;
 | ---
 | - null
 | - 'Type mismatch: can not convert text to varbinary'
 | ...
SELECT v1 != '123' FROM tv;
 | ---
 | - null
 | - 'Type mismatch: can not convert text to varbinary'
 | ...

SELECT s1 > v1 FROM ts, tv;
 | ---
 | - null
 | - 'Type mismatch: can not convert varbinary to text'
 | ...
SELECT s1 < v1 FROM ts, tv;
 | ---
 | - null
 | - 'Type mismatch: can not convert varbinary to text'
 | ...
SELECT s1 >= v1 FROM ts, tv;
 | ---
 | - null
 | - 'Type mismatch: can not convert varbinary to text'
 | ...
SELECT s1 <= v1 FROM ts, tv;
 | ---
 | - null
 | - 'Type mismatch: can not convert varbinary to text'
 | ...
SELECT s1 = v1 FROM ts, tv;
 | ---
 | - null
 | - 'Type mismatch: can not convert varbinary to text'
 | ...
SELECT s1 != v1 FROM ts, tv;
 | ---
 | - null
 | - 'Type mismatch: can not convert varbinary to text'
 | ...

SELECT v1 > s1 FROM ts, tv;
 | ---
 | - null
 | - 'Type mismatch: can not convert text to varbinary'
 | ...
SELECT v1 < s1 FROM ts, tv;
 | ---
 | - null
 | - 'Type mismatch: can not convert text to varbinary'
 | ...
SELECT v1 >= s1 FROM ts, tv;
 | ---
 | - null
 | - 'Type mismatch: can not convert text to varbinary'
 | ...
SELECT v1 <= s1 FROM ts, tv;
 | ---
 | - null
 | - 'Type mismatch: can not convert text to varbinary'
 | ...
SELECT v1 = s1 FROM ts, tv;
 | ---
 | - null
 | - 'Type mismatch: can not convert text to varbinary'
 | ...
SELECT v1 != s1 FROM ts, tv;
 | ---
 | - null
 | - 'Type mismatch: can not convert text to varbinary'
 | ...
